,0,1,2,3,4,5,6,7,8,9,10,11,12,13,14,15
0,9.039771168046546e-06,0.00011878887430666719,0.0002099722099807519,1.0494108749632094e-05,0.00030249170959124395,0.0001876794634487007,9.553781078719693e-06,1.833040484503766e-05,0.6309997504494476,2.8648670660473304e-05,0.3624923857906642,0.0014979584054282966,0.0007948160424217279,0.002776059236188134,0.00012275711652491613,0.0004212455501530703
1,0.021748032889446517,0.12919813597660243,0.0034129077546961356,0.040639185540809794,0.0006246150643891507,0.004891367263393379,0.0007295369385085432,0.5735212631183831,9.969978849470646e-06,0.002162498741536915,0.04616563980812516,0.05444433815460443,0.006788732273085351,0.031027432567160704,0.03814710190685214,0.04648918001805769
2,0.0017487487830612058,0.003867462537773636,0.0007167087602757666,4.9135130909439365e-05,6.391771218521402e-05,0.006396676397964085,2.2209734368722652e-05,0.06572280879668913,5.345973098171319e-06,0.0005205666784424709,0.8582539925120309,0.018808587843599785,0.0009605781438180689,0.0015990001285656208,0.00826952030125225,0.03299474885140812
3,0.015841983200742694,0.02433288702777602,0.033106310245636185,0.00036720826614053544,0.002363626211222329,0.05123759375807507,0.4350318726467758,0.004890044121751684,2.2041045545721672e-05,0.012799709066025023,0.005446042460692974,0.0008256908735114534,0.04731949669455246,0.015532647489201152,0.303212994533205,0.047669876299907606
4,0.002201965202887392,0.1620302665039461,0.02657981863484131,0.00032058204775902875,0.001022214373631849,0.0710806394826577,0.016880144441051757,0.01583171469550722,9.609282977670838e-05,0.0032809386416939113,0.01823210868068187,0.012008946745778636,0.013365022475884144,0.596277940692974,0.04540581900866318,0.015385802831925751
5,0.022144565221245468,0.027745406607597577,0.0008522529392108045,0.0006434674940327238,0.0017188873805579971,0.025131587315173825,0.001476529618419512,0.6882249880461982,3.614495507410972e-06,0.010535179814329573,0.025063793977302944,0.016270917556868148,0.05676245438836432,0.015277026108091014,0.0281792443744002,0.07997010371668804
6,0.00023557319013965824,0.0008734509015754534,3.989738642461067e-06,0.9978426953801733,6.427403072960272e-06,2.4105252220175135e-06,3.55703679788258e-07,4.8189393561073036e-05,8.26972141097252e-07,2.3626204057442047e-06,4.369753375520666e-05,0.0007674463686330894,9.060764955160733e-06,8.009274697270452e-05,8.146039648701684e-08,8.337483122290518e-05
7,0.002426329409047634,0.00971631413763415,0.0020678483613325396,0.0001050607748316107,0.00010792019696861278,0.005990432620556351,2.7484287384023103e-05,0.8011759207892204,5.907579379772859e-06,8.844706117420653e-05,0.13215412100688342,0.023899383355732058,0.0001948740369715711,0.0061477709613646896,0.011409138779595828,0.004483073297558591
8,0.006240225593740522,0.0026708108155150036,0.7423597008084698,0.00017344298978055824,0.00039078191786514455,0.027454434993238356,0.026783898940848493,0.0001843667891086164,1.9493762340970164e-05,0.10105434700832965,0.0011576697521471539,0.0022312806608446078,0.004125737209547759,0.0004986201988989429,0.07103412694706449,0.013621104509704624
9,0.000374729702928936,0.0002924888621110727,0.20824011464196346,1.094767343118383e-05,0.0017835393737247354,0.03199759371310106,0.012405306398344565,6.044444548604427e-06,0.5155588885659288,0.003268417882968239,0.02619444215268528,0.0027810297757074106,0.1648515965844081,0.015458026909528393,0.015007278456939365,0.0017695450405305103
10,2.896879748692512e-05,0.01657994980481309,0.0018277056323416049,0.0032945218826850122,0.00014815498635418675,0.03341748229084428,0.004295863799076035,0.5136103047449471,0.00046580275062560575,0.0641738534724864,0.27478414769191606,0.010460372469636188,0.005412678371321849,0.046856815776708374,0.022980332753091817,0.0016629985423291626
11,2.044280537890279e-06,0.001962266991996156,7.821274836381648e-07,2.451439907415642e-05,0.6564656823965351,0.00045706528198324734,0.0009268396423484119,0.0005415643102468123,0.00024182802343599612,0.0077878926871992335,0.0024340872681460663,0.0005307149731134168,0.32794603715173326,0.0005134787327479616,0.00016289313300317613,2.3237453371703564e-06
12,0.00037868384465832537,0.006095598874879693,9.035902805579363e-06,0.0003213800887391723,0.8734788997112609,0.0042618237799807515,0.0001842089490086622,0.004868946851116458,4.031032444273339e-05,0.09219085001924941,4.6317411280076995e-05,0.004919820456207892,0.0005652098624639077,0.0011845486839268528,0.011245846830028874,0.00020854678683349375
13,0.0027521162650822857,0.02864652996211804,0.0003314632827558273,0.0010273640776255555,0.00013629099698466468,0.011335921849568595,6.233071328402781e-05,0.033602570232851584,5.47364784214822e-05,9.462574511029972e-05,0.02440719242490256,0.06725197572987719,0.00026913684026602923,0.8215467149181906,0.002348167478344573,0.00613291662017155
14,0.004445347894132085,0.008920239817810021,0.004134157998571159,0.0003341827965016088,0.00510240038869319,0.07223924981356027,0.001755104243452848,0.008804132074888935,0.003607007482290664,0.004618227263645037,0.1344640826756497,0.6746892655341675,0.01216215711344158,0.010325757844780752,0.0217194561014203,0.03267925556785909
15,0.051354998452441354,0.0034165408513273103,3.975889052165544e-06,0.0010549790217524123,0.04771642517792108,0.4227394194610202,0.0003443631583234842,0.00943139841305101,0.08627149631544238,0.016281897490410757,0.006577243502814153,0.1535490339441771,0.00180593265802969,0.03684136102108951,0.002422062014182718,0.16018888369740136
16,0.008849328552674186,0.0005935916592862909,0.007354164511068365,0.45644876384985567,0.0023754282774605573,0.0017061146428967984,0.0008557767301743338,0.015005744577478346,0.3381573366248423,0.0011587743834949058,0.10148590809448818,0.012618935485102598,0.008527589031924477,0.03628518599903853,0.007681241584334171,0.0008960840044455079
17,0.0037250685673691332,0.04159979380085614,0.030111039034151056,0.0009975507215450033,0.000510052625220616,0.011280960573179294,0.006625793793313082,0.018883302517813283,1.961645147051781e-05,0.009935114280903904,0.009859994338914218,0.031109361819076375,0.0021693315785504663,0.010704345864291896,0.8062180578248316,0.016250718803903753
18,0.024412398802074017,0.03569660907636222,0.00040152650471632345,0.0007071586915979211,0.0009601964550634149,0.23865615949836383,0.00694963059680462,0.020395664716627526,0.003216784328236328,0.0024270392547204207,0.02751626810324543,0.17174171469524002,0.04113110376309605,0.370341291655438,0.010145217620182174,0.04530125221353395
19,1.0628395588065447e-05,2.0740442991337828e-06,0.9982433463907602,6.16038753147257e-06,6.328112823869105e-06,0.00044454753586140527,3.6774973735899906e-05,2.7028989733974977e-06,0.0004195273198960539,0.00012141486077959578,0.0002345755737632339,0.0002677636128450433,2.8921237746871997e-05,2.875640610202118e-05,5.376808906833494e-05,9.267432587872955e-05
20,0.03322249124436979,3.9622306387795974e-05,4.95072140592059e-07,0.15516333125312803,0.09015585594803206,0.19033237694909783,0.007717501168007703,6.306357153258869e-05,0.00022550191948563598,0.007019310606352261,0.00023685542881616984,0.0016183847061020272,0.041319099557266606,0.4653736675736285,0.007375091840133783,0.00013733412949951874
21,0.0002659350598558263,0.5260962190567854,0.0009191271848639772,0.0024761150450914727,0.003940623548806643,0.024266713085924395,0.0004264029428144834,0.005235140381446007,0.006176334453609932,0.0012729970625983405,0.013887859735557421,0.058697409763226946,0.006033548513271607,0.34822051332050047,0.0003834751300879263,0.0017016066036248702
22,0.008063935935788615,0.000638217808588181,1.9826079321300636e-05,0.0004668037235166948,0.003819168036862368,0.01565694486264562,0.011244727070105872,0.008964230246294514,1.1194999731407348e-06,0.9071911138594804,0.00037064040103946107,0.03174560153624024,0.00028863297124231225,0.0001431564259022137,0.003485784361958114,0.007900027129963428
23,0.04315910510588142,0.08899732098146439,0.00228548616843127,0.0019369241066940967,0.001453684949566906,0.05004108877602185,0.05585557421262051,0.0010173729531503222,0.000178085715014437,0.005960683473679277,0.025552266658814778,0.0385426491006607,0.013051328335305427,0.5703303975938403,0.00848176689994693,0.0931563010738106
24,0.2309452415727428,0.03614214482013321,0.02959003978473167,0.002244684500668004,0.0016376959735898183,0.02899785852170996,0.007987860291763014,0.011189786032184793,3.102980208739172e-05,0.010444839031927144,0.012945191784333435,0.01136632278811362,0.005754822525883536,0.5257081893936477,0.05553966394686033,0.029474603257487783
25,0.00203981598393938,0.003552652860089017,0.00029514503403383133,0.00018311535732251858,0.005857768265466026,0.2556042005851781,0.1882305338825794,0.00011345703411549567,0.02652977803985756,0.0074895630800230996,0.01048288599230029,0.004980215428719924,0.1495586357497594,0.3389810679191531,0.003158992095043311,0.0029421804248315696
26,0.012183311639076055,0.0027819532864048983,9.397165277311455e-05,0.9353705736766121,0.0037429131415817347,0.00013784498835419761,0.0001344815701443696,0.00021541394919730514,0.016092456398460075,0.003980812482467791,0.0004819586569815893,0.006215722852134714,0.00016855450635075883,0.01495924249062981,0.00323768339653513,0.0002030732305507065
27,0.001328171623773513,0.008889275129812283,0.20405336734373863,0.0021560609821025065,0.0005580072911902579,0.036265177259079885,0.004183094247568507,0.004671716982202118,0.006678574389111527,0.006013461493541206,0.009986490233054859,0.015352111807763292,0.024342120526715073,0.00923265815014437,0.1384473988865168,0.5278423717324351
28,0.00013841913427333977,0.00020900390743250902,0.0007708463754837446,1.3397314279114534e-05,0.00013828628026950674,0.004898600769165856,0.974509907333975,1.4843057926455004e-05,7.370015338787296e-07,0.014147084102170962,9.890411243545382e-05,9.386114754571706e-05,0.0018791638443799322,6.50747443600952e-05,0.0027760609712109566,0.00024575895209376174
29,0.013377623923297895,0.0012460318868142638,6.74698316939388e-06,0.00025544045764259505,0.07427056518164882,0.01808858872821174,0.06416204369507218,4.7674785354493086e-05,0.00020441330116473263,0.7758981570741097,0.0007470621008862902,0.004156029788600356,0.014315607076474456,0.014522981098747688,0.01593558144408085,0.0027654365528215594
30,3.240914886986968e-05,0.009844568227503368,0.0008230356541329356,0.001990027858109472,0.0011767242190632813,0.007904227090895092,0.00022827048932421508,0.022414076789335904,0.0016579153986410022,0.0002465969078363042,0.5888743058209819,0.358841576159769,0.00010419000800885466,0.0055990163893358995,1.3522826968392465e-05,0.0002495593278633301
31,3.5144881530320794e-05,8.046401490323061e-05,3.908084913378248e-06,0.00012158604467050542,0.00041508279153032007,0.00020192819253847893,0.0010038526793131283,1.2246547360583522e-05,0.9960348802694902,1.0952823678845044e-05,0.0001644235514172483,0.0008114807017146487,4.6121407423236195e-05,0.0004243006965372996,0.0005447948954264841,8.889486887428793e-05
32,1.2628353993152494e-05,0.0009489134405209625,7.261022655334669e-05,6.803094005536093e-05,0.00010546312775653513,0.000454225808952616,8.137259001583832e-06,0.0006381634240384986,0.000929214937647716,0.004157519424395912,0.0011880907250367662,0.00016176372226807314,0.9904130977093359,0.0007654214017709335,3.498515779557267e-05,4.1747143360007315e-05
33,0.0007823359810625625,0.00016267448152899487,2.5143693551602204e-06,0.9965789907122233,2.827496676637074e-05,1.1561782218482341e-05,2.435083944087777e-06,7.446412261795852e-06,9.712285333512995e-07,4.5916455733282e-05,0.0001223084437131896,9.104662701124163e-05,7.811772561425864e-05,0.0003958338314828619,5.704022935322426e-06,0.0016838953331764744
34,0.0027227021250678025,0.0007616651931287335,0.0015768480606947245,0.0002733626468857845,0.0012084729380124938,0.013016810270065522,0.7960218457459095,0.011889664500509099,1.594467160596728e-05,0.13750343856241518,0.0005193054040579865,0.001046481616791485,0.0022458602253144786,0.0005205418080643132,0.02875905205013443,0.0019180148271297325
35,0.0001579877590279115,0.009117863633303087,5.5331243006737247e-05,0.2848378655151107,0.47549135843118384,0.0050489288345634065,0.001209343124004655,0.0006863145163134669,8.277124806929739e-05,0.014004194538017324,0.003252026232762008,0.19858778589595466,0.0026415144320001997,0.004452330202660958,3.472581869682388e-05,0.000339638408085681
36,0.0015342657421583482,0.0009781177632715529,2.2384401384543425e-05,0.0011734540118886207,8.481643687014437e-05,0.0004624205937797844,2.2766833891178286e-05,5.3316757217055886e-05,0.9724400384023101,0.0003032838046491996,0.003915882441316021,0.016187354328200194,0.0016626024685785948,0.0001139562893284312,0.00041742065956992873,0.0006279262645230477
37,0.04230901854180552,0.016394122372791215,0.014639018686988957,0.00446143756397225,0.0031576350447453327,0.027076635222495322,0.0008945014418117492,0.09679079592448124,1.3160092891241578e-05,0.017391964972955823,0.029123753578107082,0.0015160164626939895,0.05173330929048828,0.5285183447834456,0.12349459626128506,0.04248569282965013
38,0.01177404577484064,0.014263584334966072,0.003352404959769021,0.0004348495908566319,0.006012433151614168,0.025887908698594805,0.8325668670837344,0.00011146072347025986,2.2220463817131868e-05,0.03846238750429259,0.0006047940330611574,0.0018680903965351513,0.017223521681192684,0.005166617540460828,0.006806895875139943,0.03544190136904169
39,0.00022725821685341016,0.002491731394927276,0.00047343074838972405,6.524584319538329e-06,0.00026095976324631376,0.004932918413266603,0.907879106746872,9.4707554677513e-05,2.9177316744947065e-07,0.08038741048580572,0.00025229934212213926,0.00026152064136620836,0.0006235419547660398,0.0013919651512639074,0.0006029152816701993,0.00011340035581564175
40,0.00010130263630221366,0.0003179997072303345,0.0008153400139286111,0.00011530473777978828,0.020821749795842157,0.00030889020617584845,0.02203340060756432,0.00012693530995964685,5.827123397497594e-07,0.9428317151106834,9.625454879382637e-05,0.00026775703186140553,0.011152855607923154,0.00011912065600726351,0.0008734762215848638,1.7314966791357895e-05
41,0.004708415143371581,0.083575067338703,0.0006817133782229702,0.0009929870356927208,0.00032121722822376996,0.005543339931012429,0.0003104023962874046,0.06588649709812512,1.4339492916265643e-05,0.0004052139834663975,0.02533430921463498,0.06060400117002289,0.0017158930891781866,0.7200151030895091,0.015531501823125609,0.014359979443463717
42,0.0003190209202697474,0.1036049877971819,0.12399427380846971,0.0012650206108035036,5.2709079703655825e-05,0.0911736394694283,6.762748209904326e-05,0.10389589746871994,8.412993857555341e-06,3.423534688020573e-05,0.3585774211164582,0.1038235773763234,0.0009557184789746294,0.0773548770105871,0.03303862985460955,0.0018339713007137863
43,0.006844158101058874,0.028053726452314666,0.08438517333782483,0.0006295506300294493,0.001964715081407338,0.309992851707411,0.0012396379913174323,0.0003975074725106449,5.375587352084697e-05,0.008490610747519644,0.018058229849455248,0.043513816663715114,0.020499593363548032,0.4250931885755534,0.029700429880461305,0.021083073752839267
44,0.16091992755146797,0.015820796222299673,0.0006877623175477367,0.0013204938307614384,0.000906817498250209,0.002006708658757563,0.00014898036424850668,0.0007521108805615401,7.529148046198267e-06,0.0022031763172920315,0.006191377717292953,0.06057847676338709,0.0011733150652743023,0.002798435487414822,0.0011730872860056185,0.743311002213667
45,0.0006445602470644852,0.00824169071896077,7.205777378055824e-05,4.872149177093359e-05,3.71565261597752e-05,0.005541042499545419,5.3862684722704665e-06,0.00031516205726421563,0.0002465289740964371,5.766003550914341e-06,0.009035018743868417,0.9717033664100097,5.5585391147371996e-05,0.000987893148967461,1.4568087089509144e-05,0.003045520127983326
46,0.00014378237936644143,0.0003371577879657944,1.7313162029306054e-06,0.9962371411453322,8.621046471049322e-05,2.4876058948990654e-05,8.63665646392051e-05,4.151011986527549e-05,0.0002012310363811376,0.0025435747447241086,1.378395090379122e-05,8.598144886128594e-05,5.441321907839913e-05,0.0001064073450651898,8.849853155919153e-06,2.70205121143923e-05
47,0.0012270563582500536,0.009681563085403806,0.09653773552364196,0.0006905366439118799,0.00040391312164719925,0.013982003874616364,0.00029650269885051015,0.05460268794350338,0.00023139483909528392,0.008051509345909529,0.01577424893228104,0.0015027236063259173,0.5031307036381136,0.2473325803657363,0.007950441389451396,0.03860441060153994
48,0.028878243450769437,0.005331988387799713,0.020405255284326615,0.20464457493461405,0.0008486164121899391,0.006925117993436374,0.00012505964255177135,0.4349997251684312,0.0018986835251203079,0.0008142676786926365,0.07149568240423484,0.11715941734525159,0.0027584080674265036,0.01854225233761817,0.047990369173816175,0.03718233028835419
49,0.002517705289277323,0.0066151145614699826,0.02745287079321554,0.003022857736288115,0.00016106088869538912,0.02541611779590761,0.0012762542718436959,0.0053607403179595755,2.5521992298363814e-05,0.00849930662185332,0.008401252297011741,0.0011447698710809054,0.7525393958902791,0.02882609412704524,0.11560456107588801,0.013136446234071224
50,0.006584380251767661,0.11649669261693936,0.034613090513416746,0.018487605075072185,0.001392297610972089,0.006025844781295862,0.0005240039985678538,0.000321704215654668,0.09390798601503059,0.2233042931953802,0.014917436291434072,0.4226105936862368,0.003694471918637151,0.03254538183926853,0.0038646522867865256,0.02070957671491819
51,0.00023065241165543814,0.0031313909015330396,3.242608354418287e-07,0.006600143123219341,0.962305594533205,0.002778126323055559,0.00029793956349181906,1.7755815726583874e-05,2.7107312072569785e-05,0.0008688513083734361,5.949818329684802e-05,0.0222834298518991,0.00058579457506718,0.0005738856486867711,0.00013786959964388838,0.00010160914636365737
52,9.196106532242542e-06,5.176992929740158e-05,0.0002670772112802401,1.8961816466794996e-06,0.00020502249909534013,0.001139949874504652,0.9750718278248317,3.376659603826926e-06,9.12818498055823e-07,0.022391993441772475,3.5553801082097104e-05,5.26860024831569e-05,0.0006712433826786494,3.6090279962715196e-05,4.2656302348936265e-05,1.8703692531302328e-05
53,0.0001236955922194418,0.01314167571441771,0.00010354472414425478,9.618387072408392e-05,4.895758303782211e-05,0.0024353001201589766,5.437395801245506e-05,0.0018604255413833999,4.5368431489894125e-05,3.9893590807601476e-05,0.7614278789412898,0.217317078374591,0.0002775971546968369,0.0027293566038583254,5.864624187244731e-05,0.00024007331107981524
54,0.0011774982863351074,0.004283696113503603,8.13211234540135e-05,0.005670681709483281,0.919101252454283,0.0017673347163707184,0.0073551651373117265,0.0007805454156391566,0.0020170135690859093,0.0019717687925800303,0.0002719897280096437,0.05164929170437846,0.00047896474241510115,0.00180385158770489,9.736151880655768e-05,0.0014922931362850419
55,8.240997984600577e-05,0.0001237029022637151,0.9908755124157843,9.223387928777671e-06,8.523647502213845e-05,0.00015688803762927323,8.161818310683779e-05,6.365533859967106e-05,0.0003617853078883543,4.857919168816961e-05,0.0011019614586788423,0.006287078422350167,4.124886948799211e-05,2.69892373657438e-05,0.0004771515080615977,0.00017699355316364474
56,0.03191556246556304,0.011979511886864093,0.0023039570344447692,0.0008272478795691436,0.004383362670259865,0.07241924527953032,0.013654324297926434,0.0006840646541914918,2.9208120635226183e-05,0.08398425831137633,0.0073774881835682775,0.003227721623039655,0.6444155577478344,0.042326643811357076,0.023783938123874495,0.05668795494860443
57,2.465918185994607e-05,0.012977937238208006,5.044911553801732e-05,0.1469248280677094,8.056314206109288e-05,0.001984234677633422,1.843553466873695e-05,0.008850591622498702,7.0305416956693e-05,9.256847881617348e-05,0.007325938946910691,0.812673295091434,2.6536329539942275e-05,0.00862151363913802,0.00010328799967280943,0.00017486938860271475
58,0.000732049200641282,0.0009147727494391021,0.0008269014619236035,0.0014312572051476801,0.00013061218567930706,0.015697458010587105,0.002620341765620789,0.00047684355303176135,1.1205048304100097e-05,0.007624389216746873,0.0008823993212127046,3.904636327096449e-05,0.9484338486044274,0.009310906540904716,0.007751580340308759,0.0031163528679499517
59,0.0010040837095784407,0.000293586849690564,4.498051015384961e-05,0.015087930666044273,0.0001161964134186718,0.0020621979659126853,0.00019006027665640038,0.0005857989428740367,0.21920755649090665,0.0031915264058202117,0.007705437503368623,0.007089347887199229,0.7246471178633301,0.00905189082483157,0.0016390629026094322,0.008083214646900943
60,0.14519001473532242,0.015928215280080125,0.00010336066735322425,0.0009181089978825979,0.0030960263387872964,0.03552145999518769,0.000490020789412897,0.02287362650456947,5.9233855461020205e-05,0.001955745450433109,0.46826972943214634,0.2674961414080616,0.00692084818960553,0.014562623828593333,0.0009809004681424446,0.015633947668028735
61,0.00021410848152069307,0.7946876611260828,0.0050606080972092305,0.0001035113662224952,0.0006410484442408975,0.007235177440400385,0.0025477177567351404,0.00216826742879692,0.0005419929006352262,7.53581219827249e-05,0.028554982601434114,0.09095929305737363,0.0011340655300066528,0.06134099065770933,0.0003849526746925966,0.004350203676076613
62,5.723628008662176e-07,4.80683909278152e-07,0.9972352374205967,8.340670170259865e-07,9.935607620789225e-06,0.0006917235036381136,0.00012260531845178057,1.1235922147449473e-06,0.0014806688047160734,2.476494999037536e-05,0.00027101734440808476,3.2641695400192496e-05,4.685526187680462e-05,1.6398984975938405e-05,5.4283931769008665e-05,1.0822467036381136e-05
63,3.592767374806545e-06,9.020207432116458e-06,4.904733405967276e-09,9.271766755149182e-07,0.9177543301251203,0.010278129620515098,0.00025975652553897983,4.535559051170753e-08,0.041932162222393064,0.0005391120928471992,0.0006366364203649664,1.768477003079886e-05,6.712471897017631e-05,0.011587320197035613,0.01689816232150366,1.6038528343599612e-05
64,0.00018887998513112027,0.009727903881187073,0.00010333581560029439,0.06744142111777611,0.017025917479245152,0.003144266460942389,0.0004976693432343024,0.7454166043310877,0.0010231268234841195,8.55180426866248e-05,0.03615931569374398,0.027514972610871227,0.0036736607064497954,0.07310069314628297,0.010537165671220804,0.0043596135080453515
65,1.2627470870068133e-06,0.0006016633851420364,0.0023186724307218483,1.3576952335899905e-05,0.000175068473764679,0.01324567958229189,2.9256668194454963e-05,0.00021329813734059672,0.006402214042078668,0.018220322820985707,0.020769652761143478,0.0005861658927218653,0.9028640129258904,0.03368797912406606,0.0008249523188258034,4.621510429067207e-05
66,0.06761332905681526,0.052087625017914606,0.002529384231690495,0.0003189840513972425,0.0023531080199534786,0.06888340955110762,0.0028522568929946488,0.00745852643118383,0.00010481585425409049,0.020836054243157515,0.03210174461347597,0.04870104326050202,0.007855778885226566,0.030699869575961505,0.576155975389798,0.07944802377863332
67,0.009974097450102226,0.0019406886447968616,0.12269224438883541,0.00011206947621251202,0.005312143069297401,0.022837415891434072,0.0007157644061500897,0.00030584670552252546,0.10451341204150146,0.006720779041193456,0.3124596067949952,0.07977433856592879,0.02164804672350337,0.08968983904735324,0.20659422107150724,0.01470951744619827
68,4.5561684243245444e-05,0.0001926221592300289,0.000625894780134745,0.00021338008377285854,0.00015373636328201614,0.0018396027834508032,0.002287070536573639,0.002229653609307103,0.6031644080846998,9.196984993270965e-05,0.0005904942334938491,0.00032618520548605205,0.38028662277179986,0.006832009307122274,0.0010803772248896399,4.041505141678209e-05
69,3.6449378535129934e-05,0.0001233895743407244,2.1803824926143695e-05,0.0003702635630587103,0.0028772387132242542,0.0009137437206400863,0.028620106452147267,5.098357013608913e-06,2.274693358614052e-07,0.9660197101828681,0.00012737552000846965,0.0003682790090471609,0.0003064287069018211,0.0001569222359458364,2.1864482007403388e-05,3.109339436005037e-05
70,0.3657836716792493,0.01013404004809608,0.11075403125174106,0.36668320226082773,0.0005110369461249141,0.015386714327736603,0.003480379459651879,0.001162955982213128,1.9676225067372474e-05,0.0012342031527176694,0.004000068653059327,0.012615112817116459,0.0010432733218335639,0.01810392792862368,0.0038641527819879428,0.08522351023615014
71,5.228180953801734e-06,1.9854703429258913e-05,2.575853741551877e-06,6.377284340964774e-05,0.9996272447449471,4.1903123620134746e-07,5.409240167842909e-05,8.286418214588445e-05,6.752300390760347e-07,0.00012073834255553523,3.304330489894129e-08,6.94675064292589e-06,1.766067824985563e-06,1.314186665948027e-05,6.482287528123196e-07,1.690758036669875e-08
72,0.0019432026814244661,0.3679681920846969,0.0298919105284189,0.000649815830650691,0.0026246625551957867,0.005284445850036574,0.0008407358890818095,0.35113653473532247,3.94445579307026e-05,0.0005075197592198633,0.07344207223380173,0.05437135883260212,0.005052766431103199,0.03821628482425409,0.03516445235272229,0.032866538927845086
73,0.06720787071207415,0.03279766320996504,0.0014708276243508476,0.0012884518946209636,0.0012114658928577212,0.08593067725451396,0.06242056884149283,0.003936407883337825,3.97212454186718e-06,0.009688348432247968,0.017679232321070264,0.015274178638617065,0.021079807346105876,0.020323771034417713,0.062174313703750615,0.5975124581713186
74,0.00011681319217709337,0.21330325229258904,0.0016607104815953802,0.0002705409834210961,0.00018933154307989477,0.007624665848054699,0.00010509463491669292,0.009336214690063523,3.0236817420750723e-05,6.0680009532032656e-05,0.5116620662463908,0.2512802154738356,7.64077095765345e-05,0.003203813756920116,0.00011396862276201339,0.0009659848286955849
75,0.00012370124635013938,0.0003205803970433879,2.591273789939305e-05,0.1838795334043311,0.7975450346487006,4.009864956023099e-05,4.356820740567084e-06,7.312801324735323e-06,9.12657924831569e-06,0.010317923116076997,4.401753598752648e-06,0.0008495761399149183,0.0002213897969682387,0.001279547946294514,0.00532808965121955,4.342100491928894e-05
76,3.5089848587543795e-06,0.009339572651753418,6.49587612109721e-08,8.039306696568624e-05,0.948095018960539,0.00026499552330063527,0.038437561006181134,0.0001170893104631515,4.572386522968238e-06,0.0011060577171511069,3.198461036465833e-05,0.0005833212512158474,0.0017448918261414052,0.0001903423628188645,2.0496217139439848e-08,5.777805590182868e-07
77,0.0005410837694898941,0.09559593119143485,0.0030472225016361927,0.0005999410219738575,0.00016669031538017325,0.011454587136727288,6.69211800903024e-05,0.0003915883362859066,0.0005682072721848243,3.1122674708373445e-05,0.17598315142499094,0.6229321274879693,0.000671505035226179,0.08302820949617898,0.0023892567923387877,0.00253245253042634
78,0.004173025847861631,0.007934365415225256,0.000269215701692167,0.0001408127706460497,0.0007954706914720807,0.5021549863657363,0.017759850606660254,0.0003825842705101059,0.0017149718028220844,0.002011082989923374,0.01795526945049425,0.02691957216594572,0.03142558644019249,0.3782656469634264,0.002370082301567584,0.005727422041181136
79,0.0044121161426564,0.0018122140488876606,6.83927568809001e-06,4.806018187102984e-05,2.6055295687276232e-05,2.937762773820982e-05,3.59929323920847e-05,0.0002815214827152942,0.991659317420597,2.882494696284922e-07,7.758737719653241e-06,1.085626154347044e-05,7.14562280038507e-06,0.00017623747767083741,4.146251547834456e-06,0.001482112728971338
80,0.10217229810214315,0.001994217720331719,0.019565171679988107,0.0035907322566852036,0.001328503902986641,0.1041245781924928,0.007618483763156882,0.005756143776662176,4.580688158229068e-05,0.10441429229066411,0.012294531670336863,0.0044399346179044945,0.4622269958710299,0.007546145325135708,0.019402557407552957,0.14347961255822908
81,4.987599883541867e-05,0.005984612874624678,0.00011426338163618866,1.422432437287448e-05,0.0003362721939270455,0.006864353612806293,3.45965558271935e-05,0.00032427376627093915,1.08631186533205e-05,0.00028727095019249284,0.20150709059614244,0.7839015508180944,6.036780446102022e-05,0.0003194799480666025,5.751276959919175e-05,0.000133479955031751
82,0.032325942016713384,0.0303669477696971,0.02116642178268688,0.0005759065636526109,0.0018306523561089727,0.14212575919401427,0.0070262946619013165,0.0038842120548388836,0.0015405890211742062,0.009931422917963957,0.061241715417709335,0.02811323896833186,0.17806226099770472,0.026079134861166507,0.03871917019407269,0.4170103761501444
83,0.1257898660076997,0.0018412240475214477,0.019266869063522617,0.0036353768384985567,0.0009648200814983637,0.037105854047892205,0.004069160329104909,0.00732198974879692,0.0001799123108373445,0.2916827464065448,0.05844006320115496,0.005188479230028874,0.05146440441385949,0.09393972220885467,0.27415476778248316,0.02495475739249278
84,0.0002747959328893166,0.017516865611782752,3.2769688198850816e-05,0.0026172986099711262,0.8946858635226179,0.010015229109528588,0.0060427178352750735,7.472709132935515e-06,2.2702679370548604e-05,0.0006109809244513013,2.129997318776422e-05,0.06637344934462612,0.0012518535676227145,0.00047786232647488224,1.4218941615014547e-06,4.7409647977469105e-05
85,0.0018336481836381201,0.41206355474109724,0.009478315324442878,0.0077270997691242255,0.0005306193093263025,0.01037841866320616,0.0006337732074184408,0.08016926218286814,6.684531672762271e-05,0.00040724465244003496,0.061064079402309915,0.3541393048026949,0.00404015853439878,0.023320691866794998,0.030501931329811032,0.0036451108549566897
86,0.001749194839203338,0.02087959981202695,1.0755075895692864e-05,0.15713880612145525,0.2757934948103946,0.004923182000059812,0.0058233498284939065,0.0015758316019549568,0.00033570732380047805,0.21461392822671338,0.008560831237378923,0.060093271016361895,0.0006935983074387145,0.24552693661212702,7.793599787354323e-06,0.0022737528128600657
87,6.419560980750726e-05,3.430303358520075e-05,2.541808228315085e-06,4.4633272953967654e-05,0.007213744637921078,7.373500865292202e-05,0.0009067318288097987,1.5593034869220407e-06,5.487974227333975e-07,0.991421384985563,7.308690910794717e-06,7.704884116467723e-05,7.509887146794406e-05,1.5350440710122042e-05,5.87621885357791e-05,3.0695247800011267e-06
88,0.11632686950376307,0.007982365596386725,0.009834281959808197,0.001442543184600582,0.003988823867648431,0.06856074223183832,0.041732698743022136,0.011522777474879693,2.047398052204042e-05,0.3877490203060635,0.027736011265778213,0.006342734434127233,0.07190280665543791,0.016976348335129933,0.08695353112190954,0.1409279749770287
89,0.0004505115039268528,0.0006306316114666374,8.15822415158672e-05,0.9786291829643887,0.00045352230837591284,0.0007781129038087555,0.0003727884118383061,0.005734761304335858,0.00012372390409778634,0.005923063891241581,0.0013864712899349446,0.0003211393181957538,0.0003647376835093816,0.0028452016120643696,0.0016894417074110168,0.00021514094495886095
90,0.001758465278056363,0.06816366413275765,0.014060081268566019,0.010309691966506258,0.10594801005487947,0.0169668708102393,0.0005651049438489458,0.0007831717379802704,0.00628962677293221,0.0013498021941000889,0.22623892647006738,0.4763312020019249,0.021297584024657038,0.04163412887199229,0.007144128837081225,0.0011594851425689543
91,8.560639324446585e-05,0.0002782225294996724,0.00036260572146807165,9.111640790760347e-05,0.00011015421967502257,0.0019675101141452133,0.9941518353416746,4.078953618281043e-06,4.809054354779596e-07,0.0011657207910036771,1.0663174969202388e-05,1.0936309209817136e-05,0.0014566390946127682,4.837423824841674e-05,0.0002323179077959577,2.3726000227900075e-05
92,0.10511013117842556,0.02687669443241579,0.019548289238399692,0.0006562407533185337,0.00017393225233762927,0.07917206867133783,0.026602786761248387,0.044348144130952845,2.8503231770933593e-05,0.03149841096631376,0.00752925037803668,0.0019249842363280078,0.16890416066410008,0.005629552233139558,0.02489755838573374,0.45709930128970166
93,0.026835495570259865,0.4166877153128008,0.00015621341913378252,0.00037374139735322435,0.0005358116589990375,0.0024322544994751843,1.1769500110683814e-05,0.015605250245428448,9.839365680461984e-05,9.384055667975253e-05,0.0033941127470647277,0.49314153309408004,5.579177376329763e-06,0.0065604271878729565,0.0001484135629838125,0.033919447359477196
94,0.0006498825485374449,5.9599671256912755e-05,0.006055884056253398,0.00044313518536821036,0.180843953492974,0.004160847382336092,0.0006115129716656625,0.008036779156234842,0.040013723484799577,0.357541994466795,0.012745757416746875,0.0010627161494175014,0.37374199770933586,0.010189000985640042,0.0032272927590497316,0.0006159477709128008
95,0.012571031203079888,0.006993907186718015,0.01565243434087149,0.0001374562312030799,0.002241042598003919,0.026548183164478222,0.5889806753512994,0.0006454739296174361,9.690999825216555e-06,0.05428031425462118,0.008206181382964396,0.0020499904261790185,0.0565900588070571,0.0405377091757788,0.1476009977714496,0.03695488630182025
96,0.0003290880372179769,0.025915741949729745,0.00012853384238993687,0.0036949053485185496,0.0009108707098234224,0.014255822743406673,0.0006695973202404701,0.036928374254701066,5.736416727314725e-05,0.00018125253478730067,0.16325222547536478,0.6495260923484119,0.00048792329672217593,0.08294641589509143,0.01598615282809647,0.004729645997774784
97,0.0012310151189947494,0.0013082555579609623,0.005171419848155227,0.029045941848667736,0.007125159864773821,0.009710751720962465,0.011323922383830606,0.3513635202560154,0.00016065943588642947,0.3191880900259866,0.004306085878729548,0.0011704065285570585,0.07599480130202119,0.007989256528700674,0.17121986192092398,0.0036908802637151115
98,0.004344552650184617,0.06900989740943214,0.011623962444495192,0.0002008851543818649,0.0003177258410932939,0.0398336958988335,0.0005723232040527507,0.11786101636188644,3.856058509144125e-05,0.00039774316097244706,0.5008186403368624,0.15154140744059943,0.0035192015638036574,0.02196621331280077,0.014420852374590952,0.06353331021174206
99,0.016618394115818433,0.00545769317276013,0.5656907167853706,0.00010851229012850512,0.0004100132676664705,0.1798386891145332,0.004298909226594217,0.0005431207796246392,0.0006016572554567412,0.023930193847730513,0.009814363701636188,0.01984738065630909,0.03413060061635573,0.003592754306756496,0.06686850047675842,0.06824846159807507
100,0.012841643179980754,0.01873947747395026,3.486199014639066e-05,0.9458511499326276,0.0019384633343775238,0.0008639043563155364,0.00014726363150834514,0.0004884309292052855,4.301020902791145e-05,0.0005610187553422599,0.000695902126621718,0.0027298300486595594,0.0016886960402288473,0.004495683554287546,0.0001784946403657367,0.008702194212705813
101,0.005534762959576562,0.17446015398889017,0.02893088233731518,0.0001025285117901829,0.0007335960285871697,0.00845172591553853,0.006303341403126084,0.009865020222717312,5.16433694321463e-07,0.004156613943054238,0.006033506428854218,0.02676851902051513,0.0021557521715130593,0.024663211207249573,0.699892085120308,0.0019478235750297038
102,0.092169206194438,0.021246901355888408,0.002665902710991628,0.05523687958198686,0.0005682155858525249,0.05774859552859864,0.00015592886194439347,0.4404495925505294,1.544125526852743e-05,0.001969884221227992,0.035932416951172205,0.027528294688315733,0.1278792258839833,0.04423785903767469,0.011384162448350723,0.08081151712675612
103,0.0006604828823911174,0.0005426345597481831,0.0009474753364712222,0.009362033031834733,0.0004231704854481688,0.0009622658232053897,0.00026908432200180364,3.961723925265986e-05,0.9456439144369586,0.009881105424275652,0.0016432842187082386,0.01859371515694106,0.0019088186178074257,0.0039304295730937435,0.0036938222005265062,0.0014982045497716114
104,6.485831693936478e-05,0.03921608192685279,2.0060384249278157e-06,0.0002286623865736285,0.0004350318933205005,0.0029497963946102023,1.9486750312968585e-05,0.00015246116823869107,8.7212163679692e-06,6.634481329547643e-05,0.0022120516186717996,0.9543137987969201,6.914881671799809e-06,0.0002067462450433109,1.3990782054860441e-05,0.00010309036411934552
105,0.010938528965776679,0.04606588214689937,0.003664223502709172,0.003551864371448164,0.0019172908705485355,0.025516992102791146,0.004027398658382907,0.4878499468719923,3.035233692589028e-06,0.01408528164141675,0.16624142438498557,0.08035103894610203,0.0013589701565451012,0.047594407825794036,0.056977023143271924,0.049856681031761316
106,0.008968990515882475,0.017949014069946687,0.0002786206865835787,0.3783117127333994,0.010391077033860458,0.34630390710760345,0.005752366550741471,0.016995728774852312,0.03073772385369271,0.0003091066928427526,0.029836524290548606,0.08975184274520569,0.003463959070644851,0.0465619357574591,0.0014228557814741714,0.012964618828933969
107,0.0009354154413897981,0.0002555520979403274,0.00011408969867179984,0.00010473856052165647,0.0004734287600952177,0.0012377004364966348,0.009007865266695725,3.862106235256454e-05,4.21114113252358e-06,0.9842289599807509,0.00045808860918896424,0.00042683059567010016,0.000983300616093111,0.00017349058257349283,0.0007340277759384597,0.0008237220042214799
108,0.012637589817703692,0.045374886270259866,0.0280281376547642,0.00015274256419484043,0.00029742491410279115,0.2150919507692012,0.0016024849632916267,0.003982791082964389,0.00036562618637153395,0.012538239849141868,0.12777674767083733,0.026591492766513958,0.0635541833786333,0.3000121972666025,0.018322840224815402,0.14367065760346487
109,0.021293174560504335,0.0572747908893,0.038570022183627255,0.0006138076574176671,0.002068654220374102,0.03391669250912431,0.02033321014431488,0.00039477936754571706,0.00016589324205967278,0.015069633787049088,0.04105911576843119,0.009609130371803658,0.20802262352526307,0.0118516744959769,0.019363210115122695,0.5203935389316651
110,0.0018327732079725812,0.07980346808084697,0.08696113833493746,0.0016377483594078384,0.0003885539663169902,0.010188290334698686,0.00013315936001831924,0.033484295516003855,0.0001443901451705496,0.00041863315879322446,0.23199309627526468,0.21487306538787296,0.0022429143313669703,0.3236261732916266,0.005956972986996862,0.006315349962450385
111,3.094875467179981e-06,1.7026709858517805e-05,1.2349809025993304e-07,3.1549342952223297e-06,0.00029020178233983676,5.916057314728498e-05,0.0005498869622742591,1.0047013723195315e-06,0.00023565897522617903,0.9982452936477383,3.640631341675939e-05,4.47538041597696e-06,0.0005134633339865281,2.5995737936483347e-05,1.1931515176192494e-05,3.125375400578182e-06
112,6.700093182560155e-05,0.027793183060911487,0.0034528807557459096,0.0002131482905107224,0.02504171084097351,0.001033066572681078,3.067757415519759e-05,0.0001666193695957653,0.07171534057275088,0.0037889363974018984,0.06294071844082995,0.01489227644142976,0.7688988602502407,0.019162743447576517,0.0004195418799903889,0.0003832757245325926
113,7.956676233329406e-05,5.421979503705327e-05,0.00014550935442540444,1.2990997296439142e-06,7.574544669076421e-05,0.009056592539364776,0.7899371423869106,1.6973518327859375e-05,1.6567067887391722e-06,0.1445700129628553,0.00021936187147281617,9.496113408277493e-06,0.0025035096782321463,0.0005278674786969572,0.05269506265113586,0.00010597503803479653
114,0.8071921673724736,0.005632380669109529,0.0018895135593840233,0.0005146806206806999,0.0004917212080577478,0.00556637869441386,0.000985575831622714,0.04044743082845043,3.3039745230837348e-06,0.055212080263522624,0.016474393977747834,0.0073211187999230026,0.0028383353566891244,0.000648913441944177,0.004691398745042542,0.050090642843118385
115,0.001966720894714087,0.025265351238262103,0.00871952220745332,0.0013092413993805528,0.00018500333538844064,0.005998326348440578,0.00010319852107451291,0.000410973677894129,0.00021646883191530318,0.001011562339016493,0.01706030902051973,0.008268212358695669,0.024154009318352262,0.883081934590953,0.0046175074019711255,0.01763164475707411
116,0.7107277725216554,0.001697852676108666,0.00038669348932757886,0.0004420644093074109,0.0006282671783056787,0.010657860767622715,0.004777189917279434,0.00028340373646814244,4.7995576837131857e-05,0.0264032544315112,0.029245243301824757,0.002913347291204774,0.08127723703538557,0.030821875720716076,0.058726631318575556,0.04096329982290664
117,1.808473274090482e-06,8.582981783620516e-07,2.0202682331895547e-08,0.0008262793893536101,0.9788674293743984,1.327143309190185e-05,1.395410097688405e-06,1.0605252667671856e-05,1.28157952181984e-05,0.008422801990292255,1.4807168543792108e-05,0.0001049998716904716,0.00043770051976688715,0.011083033334571704,0.00020143158474153377,7.440424405072442e-07
118,3.5038618007699715e-06,1.2759223186722746e-05,1.7992331516306082e-05,1.7113792400384986e-06,1.7881158256978205e-05,0.000676505615111698,0.9908185545717035,1.950995809223883e-06,1.0513431016538981e-08,0.0082248351222358,4.6873277925502055e-06,6.608771800192494e-07,0.00019512550481237803,9.321168219599891e-07,2.1427917072184868e-05,1.3837185877767256e-06
119,0.06135650110387624,0.5033025481713186,0.0004977265692836265,0.01326267073421367,0.0012975395472177866,0.010156489324778558,0.0004215316575484119,0.015305825542359963,5.242714001924928e-05,0.0005213660673781934,0.03832685506257517,0.24977640225970982,0.0018856397148225605,0.05639400323387873,0.0007153439547158808,0.046727162805736286
120,6.212904560217975e-05,0.06039501807430221,0.0014569262454284038,0.002765628364927815,0.19226898001997114,0.011606746986075073,0.004608091582843609,0.00014073443130394611,0.00044980367278226596,0.0005373305895388646,0.08036306854860444,0.6326250196342638,0.001277810535612459,0.010710960122733398,2.6830295474621606e-05,0.0007048993727139943
121,0.00016398472448459603,0.004410730954282965,0.0009877757625601541,0.000927080962706249,0.3469145132848893,0.002506665546259788,0.02719582279923003,0.009683744151445621,5.498231839501892e-07,0.5567869498556305,0.01282925951307026,0.004347068690086622,0.0005975225274243996,0.02060641961389798,0.011658460636766121,0.00038346060292361725
122,0.03260061692388556,0.014445082718047493,0.0001821457742055934,0.0018973117068335134,0.011050161465722503,0.13462357252267934,0.09116755432299518,0.03757863551401887,0.0006365701958819249,0.5366659505486044,0.0013714310139774108,0.03485959709379534,0.012991784764445968,0.043612434512555455,0.013658553965782484,0.03265863403151045
123,0.0007051886393965191,0.1905842045120308,0.03510822150157522,0.0026834536227471405,0.00020876514369909478,0.012030485544987105,3.437021302061271e-05,0.010265741424329547,0.0003372025457509144,0.0007542412459626086,0.6480319285755535,0.08190825229437537,0.0016170445195682842,0.008777469883541868,0.0030316688354009433,0.003921801641627103
124,0.0004858162098017592,0.0008434123316419677,1.3697719997046434e-05,0.0002477485469682387,0.00028026142560344595,0.0005016150378927854,0.0009641712814356531,0.0013791693328925176,7.409214346540366e-06,0.9783397576419635,0.012422896521154957,0.0006315563361865082,0.0018242488642003713,0.0019020647613263583,1.2916703494707265e-05,0.00014328315372641662
125,0.8386417412415785,0.004283802430045814,0.0006235660051065124,0.06256931876876005,0.0026367309350594837,0.0034057819444989414,0.0006961740338525112,0.013161635980750723,0.00015600663944177366,0.0011075651534242158,0.0019860233591023676,0.013976693320879153,0.006088132334771417,0.002792186492669287,0.0015558670865886879,0.04631881316199423
126,0.00017979099782483156,2.2899694440808472e-05,0.9955749365928779,9.301624475457254e-06,3.0641384153998454e-05,0.0007294013090576564,5.420485556304166e-05,7.5948913853230265e-06,0.00023031402592492783,0.00012338740282036206,0.000864098813415306,0.0010068364471911674,0.00022532001256978082,0.000111399456612751,0.00017189720370557155,0.0006579411448322296
127,0.003850980545139599,0.001749290486044572,0.7744505896438884,7.995642948044192e-05,0.0020398056577677183,0.008851362961511943,0.003710644015553625,0.00029870568399760456,0.08796652110354405,0.0028303458364249906,0.0274291279560913,0.04710900221821534,0.01658674198375755,0.005267157622388509,0.004837460476681036,0.012942303700290163
128,0.005779565012512031,0.025840376015400023,0.003549970594437762,0.00014444739834457385,0.00020723330029841957,0.029514832023360804,0.00011351009012512342,0.7313327446583254,4.925543713570742e-06,0.000509318451973129,0.04796651721848553,0.04774414911459712,0.0006535951316916486,0.08434748694895663,0.013077728829643896,0.009213595354112238
129,0.015338520443327222,0.3518885240405775,0.0045569320567893845,0.002980901321212089,0.000418414684966371,0.010551193096235536,0.0001347979602239388,0.031320677658864295,0.000405446709009033,0.0029533307829660033,0.07614742808613513,0.08506378737729593,0.0045209522676286275,0.018773625802887394,0.0015994900023765617,0.3933459233185756
130,0.011030490236416822,0.11590696218386912,0.0028080599016444573,0.0004613013002868962,0.00018323811698440427,0.01165118548921824,0.0013473842592426025,0.007766536078760732,0.000182856878373436,0.0019024272616402211,0.09894852893730167,0.02324981338078922,0.026965976105376037,0.6400618947641965,0.03095816839172601,0.02657512772851884
131,0.004742984972785599,0.4149120374480924,0.002503409097332089,0.002355422881619709,0.0019909277769834133,0.007913935254498556,0.00014144107445479039,0.39631731050048125,4.837497091819057e-06,0.0012290476033770012,0.0391642422720924,0.04752341731509221,0.002292783717149028,0.039973444546279116,0.01268809030860611,0.026246647846005777
132,0.0024351563887391723,0.0038558971605425285,0.0011357157992113126,5.2762112107809615e-05,4.741886790289995e-05,0.002200328777480086,7.026368908989981e-05,0.015082632448469682,9.078353576708373e-05,0.0008605268671668691,0.9233542550721848,0.016128401941827904,0.001246726680432877,0.010986381634930082,0.006315027285851781,0.016137699505255603
133,0.020135020547130355,0.0003473560067835793,3.429961595257971e-05,0.009032657934277582,0.9361333693166506,7.24818775440518e-05,6.908154709020213e-05,7.358073269407338e-05,7.585975437459115e-07,0.02609691928854437,8.228146091036454e-05,0.0010896953493796345,0.0011619226756105659,0.004999815292791705,4.612463030994579e-05,0.0006246866731403264
134,2.513861176516415e-05,0.3690772699398653,0.0016822911540455804,0.009786247595452782,0.00013708808760950561,0.006568045750854283,0.00023824838560500486,0.01059064934744947,0.0007069974254107288,0.0002820920258185789,0.3996231055052936,0.1457126333759384,0.0008030540851534169,0.054689588763811366,1.0195835277019978e-05,6.736577140264362e-05
135,0.00024714388449497603,0.015844554431922234,0.008574692426852753,8.478700111410973e-05,0.00014282651490662448,0.000903443363929263,0.0001505333641628897,0.0008628560030039269,0.00015605408633301252,6.382197045841518e-05,0.7407350824735323,0.2268447161420597,0.00022529507117193464,0.0007164783632870068,0.0018609693443248278,0.0025866396511148412
136,6.626667600779825e-05,0.008762642984256419,6.121359733397858e-05,0.0022840519922434806,0.0006867857525656196,0.005901467615757922,8.25070902937737e-06,0.004962274955819611,0.00021235831501443698,0.00010948181009531614,0.4578077164408085,0.5064584879499519,0.0010633538586284944,0.010833217036188642,3.5493797786454014e-06,0.0007788474431967131
137,4.8289012758537057e-05,0.001208969293351439,3.6494058520034243e-05,6.11802263330149e-05,0.001083929623152202,0.0012169978424265663,0.00013993804637336726,0.00025889190518890243,0.001561791707096824,0.9729837046198269,0.01590816076400862,0.0010371503317547681,0.0017561045759591069,0.0025921146382216747,2.841219186460439e-06,0.00010344584682387167
138,0.05302910463286776,0.061404149104858516,0.015755637793359,0.0013844056631382128,0.000817556676319538,0.027631123625563043,0.0007309327265422137,0.17593608948989414,5.524035823484122e-05,0.011602344736381137,0.22409671298363812,0.06538844946617903,0.016056270664485082,0.07800947999615016,0.1448212316477382,0.12328125536092398
139,0.037490418577143164,0.01911128215424613,0.08288941300296439,0.0011437263191991843,0.002138891634950024,0.030509189896092397,0.0025610728865889374,0.0010067601655630413,0.00011228784274302215,0.013318977225986526,0.022453503693412126,0.018966391521625645,0.0843961911707411,0.04630630011164582,0.018389287250086622,0.6192062576515881
140,0.0013347557927908434,0.4387009317324351,9.86080968565929e-05,0.01205196914495048,0.0026510045898941294,0.01244397371029861,0.002318233846487007,0.005203299508181009,0.003960135303176137,0.0009380823115495677,0.033782116410926655,0.4453346523582722,0.003440978458443261,0.026236743123605175,0.007195823876304139,0.004308723945639187
141,0.018476354102022655,0.007376338680462013,0.008202149144756808,0.0002814455826756496,0.0010776480745517709,0.0044727244164274906,0.0002739644179981041,0.002930629178549374,3.187455566159769e-06,0.012119389474654959,0.011260523216440731,0.02022749094514105,0.0029106404044698672,0.004894256523813312,0.8858112145524544,0.01968203168539904
142,0.14968802668334938,0.025224186565659286,0.022601577061751685,0.10399316891141483,0.0007502641875572666,0.0318516962069128,0.0007265723708451835,0.08016820225024063,0.000503983039126083,0.003910499617527622,0.037948235841824836,0.060752395948796924,0.0017046003707102983,0.44380458187680466,0.007560337052123965,0.028811684011549567
143,0.04557828517189607,0.04970057714160035,0.7392128230028874,0.0008207870765546555,0.0007252530171774062,0.014997324392774425,0.000686817285851781,0.015015248176678169,7.480899449024063e-05,0.0022483939980753394,0.01695806655245493,0.023831242988359362,0.010086793631376358,0.02244785680859992,0.004852618568431308,0.05276314126084252
144,0.007545030837039798,0.07719298974169334,0.04469973757299711,0.0017004468049723837,0.0021263556966731093,0.1274755709393648,0.054471479928777676,0.0009162543676950915,8.57193587872955e-06,0.07076139272954765,0.0029880655515722816,0.0003951188198920027,0.5565381348411934,0.0022656244966829642,0.027892315010284795,0.023022937986525504
145,0.028758646351357595,0.006827110974714093,3.287434356727624e-05,0.0009724247064647423,0.0022472560477446815,0.03641972456696846,0.0007564323332758299,0.010604471564581329,6.740707316650626e-05,0.008152434030144432,0.026315591088690957,0.10555374569693281,0.0016921076961775555,0.6080492742059673,0.010396587544674006,0.15315387964429644
146,0.0039042964757237254,0.047834353513607965,0.0014896155378310147,0.0042805652790042035,0.0045286935087272785,0.027624952650144974,0.003972345214850239,0.009171526133205007,0.0008592603473532242,0.0025954026509027914,0.01772241863733124,0.6462201327622714,0.002269689648630381,0.06334399677422985,0.08285612659980947,0.0813266155698102
147,0.007993353887496746,0.011324852253982675,0.002306890644138595,0.00087967230765359,0.0008330030024184794,0.11008545111838307,0.0002786699650431568,0.004239543352184794,0.00017828552844087816,0.012032383670837343,0.06237617067410974,0.5862179676708373,0.0035134430373012513,0.017314510371029834,0.16548745107102983,0.014938331915303178
148,0.0009257147828486391,0.003107826602855702,0.21678602114626877,0.0003338660315688168,6.683023965182675e-05,0.006911719615449302,0.0008497951476984321,0.002755048625589991,1.956749709817132e-06,0.0010124597684196943,0.0032099795941411113,0.0014888492879244627,0.0009747079393031572,0.002231233483629311,0.7559709774013474,0.0033729612650368434
149,9.747661706865592e-05,0.00026430077605844263,0.0048928123524542835,1.3359984131549567e-05,0.015778652593455247,0.0009993864548228683,0.0006337259375121771,5.580532733148027e-05,0.9096777419634263,0.018192284363062947,0.006629662915495669,0.00146658180240231,0.03862894144874688,0.0011691081205967278,0.0010637718423464025,0.0004364509422466697
150,0.0035310817622717016,0.07279763364844506,0.0003813692457170364,8.928110607314727e-05,0.00016299314471607317,0.018778352024069835,0.00010544803030798846,0.7509600583060636,3.897277850818095e-06,0.0012024441615019108,0.012648085862807185,0.07680258820022072,0.0003289390797104498,0.050783999717485644,0.004842609453320501,0.006581236364570342
151,0.024915168048594713,0.07423257700484344,0.19465787613282004,0.0004869187620368961,0.0006023255603879185,0.004864958667547889,0.0010764516435069612,0.00105311956147034,4.72721003041386e-05,0.0009877366505882685,0.004937265726721912,0.0464771730143438,0.0009766057129579227,0.0045282764814244475,0.005266652315830783,0.6348896394513956
152,0.0004832196181906113,0.1384295602576765,0.0009712054401662287,0.5448741770163619,0.0011293792394899142,0.009336213013953232,5.97169251973073e-05,0.13529067422989358,4.209399020211743e-05,0.0003761677822406172,0.06381736811285837,0.08171233395634048,0.0006306119301252946,0.014467977608962387,0.006081415716265646,0.0022978800104002327
153,0.0982592851025643,0.019784255851726624,0.012852805922078925,0.0039322677110870926,0.0021324378766551686,0.030300869581107216,0.0035059715418556303,0.02541070660991338,2.5945150683349377e-05,0.00959360898771896,0.0448669529360924,0.010400219007421335,0.01030402644447284,0.015325679650924353,0.22295416061813284,0.49035083136669877
154,0.0011461642755435082,0.010596285003807908,0.013041581440619768,0.005629915608854695,0.00019751448196913589,0.05665688750398461,0.013327135105895824,0.005043280446802695,4.304577771511068e-05,0.04334929259592686,0.01309867509709085,0.0008390955559500422,0.632264196053898,0.13558396979980752,0.05448365263897419,0.014699316337062559
155,0.06581565372762482,0.03490321147613782,0.0521809094331517,0.02101948552510645,0.0016396807806616672,0.03633112677496979,0.0017153372362694454,0.00279351321481232,4.36391324639076e-05,0.045070249749435305,0.031578699330510114,0.09287907775168432,0.01945716297512008,0.021602087206929736,0.005511033794615258,0.5674590616843119
156,5.744053781520693e-05,0.00027183986310432093,3.940173922521655e-05,0.00022895327412329554,0.00010443138924025097,5.2346782169621366e-05,3.162826122830414e-06,3.400380916451612e-05,0.9270956395476421,2.1960349663137633e-05,0.001716707546739182,0.06778596664822495,1.5787940568593198e-05,0.00022375001711388295,1.4556450156897173e-06,0.00234720806494707
157,6.950773573351412e-05,0.02231080059010202,0.001838149899686645,4.5499358247716654e-05,0.0004003438496443347,0.006340730959113302,0.0016108934321558824,0.005581160969624639,1.5430871832531278e-05,0.0004277674361731821,0.004243312138566527,0.0049510853187464884,0.0001658712686969332,0.9486024140134744,0.0009446526541612232,0.0024523354436652477
158,0.005029866313628931,0.3583009489401347,0.02608092558826095,0.00021936843368899328,0.005226126716843118,0.4013809742637151,0.003974722635318575,0.0008401673132119345,0.0005327870125189881,0.001158128483472428,0.02439251315202498,0.04496260862433713,0.013534099520493191,0.060198472186884316,0.01714183349869454,0.03702643036573628
159,0.0010994410856121327,0.004897687123310879,0.011732491823099133,0.0010772425466794996,0.06013107099788258,0.6061628533974975,0.024621363239765555,0.0005692228658923312,0.0017598366199230028,0.12649336749412896,0.004008963456108691,0.0008240589276846442,0.15133851123615708,0.0041934056453452944,0.0005526326886508643,0.0005379127162469045
160,0.00030491056781520694,0.0003123627927314727,9.80415756485082e-06,0.9974906104716075,3.585505802309917e-05,1.6377682182398464e-05,6.92528025466949e-06,3.6633749817516844e-07,5.196025854282965e-06,0.00014503829002117423,1.7971514165428297e-05,0.00015988911433686238,0.00018726770796150154,0.0004948392976529016,7.565645346871993e-07,0.0008118201168161696
161,0.000240155322560154,0.0003179760280077351,5.449239096438884e-06,0.04121207632204043,0.001799026210395351,0.00043400354494706455,0.0005587138625257144,4.845351030954587e-05,0.9391490498556305,0.0001484878008565929,0.00010864773346487006,0.01195194640158357,0.0010088825346987488,0.001338160638023027,0.0012939048713185757,0.00038505784793185007
162,4.603541807122233e-05,1.3191141118696069e-05,2.4829659648027395e-06,0.0002761842103946102,0.0006341114858517807,0.000518030236215592,0.0007799235538891242,0.0006656729446544756,0.9921439001154957,0.00022146342072762272,0.0006131433302491364,0.0009028819915385026,0.0022119318744947066,0.0005733384032627537,0.000376809502001972,2.0881833830507888e-05
163,0.0625958642476566,0.05041645934376593,0.08974527140562079,0.00028649238901550157,0.0013619165377455739,0.05007990310665702,0.01500420262396392,0.0006503094727976901,1.152157962271415e-05,0.07231185276323387,0.005272475195124558,0.005662884738171318,0.08915366198674188,0.29147760368719927,0.13593769819538015,0.13003186187680466
164,0.027175662404234843,0.014439658258903738,7.747933946102023e-05,0.009271762622714159,0.00015855057961501484,0.001498319304162211,6.307068883541867e-05,0.7357049435033687,1.6690387376708372e-05,0.000493656302887431,0.05559507915486925,0.06296727895092627,0.0004289677403300777,0.022751309711278523,0.05708319453320509,0.012274360535710096
165,0.0012380499280077238,0.0009812365048142962,0.01966492162572662,2.7562084042348738e-05,0.0005670987217435703,0.03685002912453875,0.9007763442733399,1.858193037592182e-05,1.1887759159576553e-05,0.005602339479220373,0.00033929989899677334,0.00012128713929125435,0.022600715817146854,0.0007563573375317806,0.008745959355712924,0.0016983744190173671
166,0.0007511994961501444,0.1507979230539819,0.0012655595009741357,0.0014248573550529574,0.0005774287883235477,0.014968954933420651,0.00013249605082041966,0.5514929587199231,3.876355432723773e-06,0.00027034534280145016,0.027877011650393878,0.1270550979599769,0.0004297810383271636,0.017726508522794997,0.10150377831763313,0.0037221966960663414
167,4.679953886159784e-06,9.144884068260245e-05,3.778006973161419e-06,2.2421466664793073e-06,0.07339903612191723,1.9090790804680656e-05,7.120052172899559e-05,0.0003352979489511715,1.166063242824254e-08,0.9257172469586141,2.0130314119515815e-06,2.879427273420059e-05,1.9524586485736683e-05,9.127890803254973e-05,0.00021407472209025125,3.20729643337449e-07
168,0.042428957975145336,0.05412340151761309,0.001846736210507948,0.09838964517613089,0.001223274167600052,0.03705501006423077,0.0010285063231545563,0.0027912578887468718,0.0009905670360924029,0.00037662793579210774,0.013788388771457634,0.3602187982453898,0.0008435103767534169,0.3207102809509143,0.0012054680310944331,0.06297957416491241
169,0.0003825406913763241,0.0006654744024944969,0.0029369540893581045,0.0002582238261941654,0.0023303208980271495,0.0024666257660007776,0.00038870949791876974,0.0001098010375850618,0.9435057783445621,0.0004759473039895432,0.006843894707919384,0.008441419333843542,0.017222525345280845,0.0019075851043092206,0.0007566992217166675,0.011307543819199744
170,0.00166402776066167,0.01671794589765156,0.001715725236349259,0.00043630330025024066,7.689328859792324e-05,0.0032735936881300343,0.00021364879299192068,0.010491220512346487,6.552157328523581e-06,0.0016749997385806785,0.0034497355429322363,0.0028668541049077746,0.0035473900087296573,0.022303106349237947,0.9274079635418672,0.004154026354940272
171,0.0005243719436766124,0.00021140088248711598,0.004869533432776386,0.0002501130507603465,0.0006245070447805963,0.01027786714259225,0.919147450721848,0.000908226849356309,2.115988000608277e-06,0.051778288585182346,0.0003387529020426686,4.793085003464873e-05,0.005942461406159838,7.090488037536493e-05,0.004741914525231971,0.00026417167218486414
172,0.027487369114699116,0.027736509245913397,0.004144942860351567,0.00017990486142444663,0.0009609172771964941,0.016610521528558,0.000317092451016196,0.020531158370787294,1.0668065491819059e-05,0.002307548666947024,0.03929641485156976,0.02444479279117028,0.010747153692864159,0.05208888174152832,0.2536886131530225,0.5194475175168431
173,0.05069765599214638,0.009420815449118205,0.00016322254193885247,0.0021864271967276224,0.000571645572484317,0.022436450776600576,0.0013069044766494092,0.004532639599842156,0.00044882318127734144,0.034474066456207896,0.011125893345231954,0.17911383031183833,0.0033656718911916077,0.017168690292589026,0.0008843943717284614,0.6621028214821945
174,0.0005432377585178055,0.06588795782600201,0.0006052809906651191,0.005510608529820212,0.00022927192585209312,0.0073103037648313005,3.629434573051039e-05,0.050949649219104144,3.813917597151107e-06,4.195572758809381e-05,0.02591415124227855,0.02983821891333155,0.00038002643387897354,0.802256543253128,0.0009122786460319033,0.00958045987391723
175,7.410826172310859e-05,6.977721410745756e-07,4.167244738490158e-06,0.0002489872442992177,0.00010914506733930317,2.214003847884721e-05,2.0665544756419257e-05,3.433343017748358e-05,0.9981558673724737,4.446819139224488e-06,7.019883400221368e-05,0.0008098664284026464,0.00011264025437627869,0.0002647682258149392,2.2281504280410058e-05,4.5680506771394945e-05
176,0.0030724232194958368,0.025824761353833357,4.6027081201154956e-05,0.00022399700483182957,0.00042504758700661244,0.004806517163754676,5.2935825822348405e-05,0.009891536969488218,6.720613126082772e-06,0.00023030408575630407,0.008497751997284088,0.9168703322810395,0.0003821501344839923,0.005843597060905794,0.00010327366458135615,0.023722663332058753
177,0.028322226838188084,0.006351363251310876,0.001223089118287699,0.004854702074488632,0.018385550878537205,0.028013733745945252,0.002186928366866675,0.32324663660731473,0.0031314471545012884,0.0011147688233968044,0.0060208832417709334,0.35773605243118384,0.007036636037561502,0.039519092250240626,0.0005264933484281396,0.17233040746871991
178,0.4132379700789221,0.025174612232423645,0.002202013766297994,0.0028937706360169396,0.001167259349943638,0.011052126542902179,0.0024647887970508276,0.3672031764196343,6.877354558498556e-06,0.008204279497117032,0.004625957984857502,0.03670833934985156,0.003886136084218711,0.005565509972581329,0.0026473639909145572,0.11295983388103947
179,0.062221327737688695,0.12125517046172088,0.0023831023676137825,0.06361653704582844,0.0035486085362848893,0.005719735954882454,0.0009624629192339556,0.09606530806852744,7.246465682645529e-05,0.002589434809763234,0.0257461521547642,0.12294771572719151,0.0005902011354468527,0.438631949439846,0.0285682494882209,0.025081596507286235
180,0.017148015577207215,0.016511048129282835,0.03322582904172551,0.002656130217106213,0.0022787933087584215,0.09090254219826757,0.0029827266078196885,0.046922551342973094,0.00014061639975360948,0.023720114330322232,0.058417155338487,0.0057830052420381715,0.3658676933782483,0.024541911622444658,0.07721301169308953,0.23168887282964393
181,0.5085182278768047,0.0017723277919307026,7.835155683308888e-05,0.007666631261405197,0.0008294325710875834,0.013481931618998345,0.00046226042278140487,0.4073174091722811,9.976519160615983e-05,0.00026039710958731843,0.00026114877114356117,0.044913143117174203,0.000627666039025846,0.002026001273455246,0.0001379831736630812,0.011547338291626566
182,0.05271104706263933,0.026258885549342904,0.017789711832708374,0.020599463861549806,0.00914448310511716,0.004156239255928393,0.008773557534277925,0.0006673101872794149,0.0009176724684889407,0.0016987803350659546,0.015747743200133203,0.11942619764273342,0.0011509479364604429,0.040477693740365736,0.002938922780549217,0.6775413671607314
183,0.00021441239525273547,0.00036265701351344753,0.3606309612176494,8.603498414744947e-05,0.0009103294869489895,0.1814248843090664,0.01179049951632339,0.0002719987575264678,0.02454259876583908,0.0036147238162402315,0.011868549256970163,0.0003548655555357074,0.037102999360076994,0.36506028862271417,2.5067567927295384e-05,0.00173907582879692
184,7.748983652587396e-07,0.035264605899153326,0.0005349049824831922,0.0002223892377286721,0.003607863524145389,0.022939380872184795,0.0010630801363050242,0.026325927067097285,0.00031497004062560154,0.0017780746199528641,0.5488913410779596,0.0790982084212589,0.014074664527376324,0.2655785839172281,0.0002907112963236403,1.4533921691434073e-05
185,0.027832631463491384,0.008588566801964289,0.13759482727314726,0.0009086026983638577,0.0005425964095215317,0.011153717639197076,0.001591243205264343,0.0023071336039048084,0.0004394011572184795,0.0023103706390420076,0.029066510341668666,0.061261319546711844,0.006925672974046346,0.003533355564296439,0.028006026378948327,0.6779379637728585
186,0.0017981765530437936,0.013354146861471338,0.00017275023598037733,0.3066224235793887,0.015352930082842968,0.013965884504324145,0.45079766473532246,0.02335300143988584,0.018536785636018613,0.02775794302506256,0.005352262719668913,0.07341905838498557,0.01224213074885005,0.033951792634319224,2.317637945772491e-05,0.0032999001646570316
187,0.0006454817464012467,0.000466256205126819,9.19113848642926e-06,2.7706173627618863e-05,0.0008689704373181907,0.0038055694747757465,2.2181286533205006e-05,0.00012058062169156296,0.0014641731763895285,0.002779591726267565,0.042615377789220414,0.008120247413120308,0.932274116323388,0.004312609980750722,0.00018814551748332629,0.0022798114565412897
188,0.04733603521366627,0.0015611297963635212,2.170258589739816e-05,0.010262204068478175,0.9074251001924928,0.005119758728617134,0.0003300304496790204,0.0008121359712467119,0.0010856233603227323,0.000392540364580358,0.00015901793633440106,0.0045265796141199625,0.008075324084710655,0.005003518507026835,0.00038697460357986523,0.007502330962241421
189,0.009294657687200234,0.11899966580584469,0.0003160404108565935,0.02123551543022138,0.0006466649972358779,0.0264540864292589,0.0001305842493840246,0.011591003109688688,3.265665683330125e-05,0.001111114063601954,0.0815848639090741,0.12269788123241718,0.002522011240325698,0.5675506660442734,0.0022648516016475677,0.03356769522629879
190,0.00024246507280772727,0.13028274211712224,0.054104387932813094,0.0076948846585031755,0.00030030034205095005,0.014971044027423986,5.7886981241608414e-05,0.38669250731472576,0.005439015300115496,0.000234208870313772,0.2557800824504331,0.07207256066734938,0.006140377326452359,0.06265783678344564,0.0027141844394200443,0.0006155754790263408
191,1.280276681255053e-05,5.40278103118383e-06,4.975309224254091e-08,1.968812608184293e-05,0.8764219717228104,3.064127541944178e-05,0.00023620615322425417,1.8377876039703178e-06,7.223438307025987e-06,0.12263366003849857,1.2700247714564005e-06,0.00046530307290340713,6.663874774590952e-05,7.852735357074111e-05,1.781030071414822e-06,1.6984404563676612e-05
192,0.0032895235322620846,0.0330423145530637,0.7010016574109721,0.0003680802990377244,0.004316458378157073,0.02807005157845065,0.1514248331887329,0.002456442165272249,1.670374467926853e-05,0.020772215607702493,0.004254160088559364,0.0012921065702659533,0.021288298552284757,0.007062721516585475,0.014788284591915307,0.006556136454237568
193,0.0003821057505102061,0.007936106310868997,0.0025368718383452014,0.0003099579359769019,0.00013928447825306285,0.1150312258225385,0.000703198952289149,0.010476083576542308,4.781270894205968e-06,0.0009406852686589519,0.6745402623099134,0.0024834738925025375,0.08034206700276088,0.09778112467164567,0.0011680595803704005,0.005224658783211885
194,3.956770241578478e-06,0.0001033636135149183,0.0003227418079899635,1.8468887895658917e-08,3.7559445978867765e-05,0.0012945727526918758,6.567315783829432e-05,9.768421717367758e-07,0.984085794321463,0.0033745732305102195,0.003985038522205984,5.827699689161522e-05,0.006434284074109721,7.840499575359307e-05,9.851375169673354e-05,5.622868198267585e-05
195,0.00575092205197307,0.001221899206545007,0.0008058194275842157,0.9764630755534169,0.0009102635139561673,0.00018865266681446336,0.00013503539739326276,4.854310104138608e-06,5.475397163618865e-05,0.0023016932777670837,0.00018535065479514647,0.0004625122215717955,0.0013392560494707168,0.002778432316722455,0.0012024128336361887,0.006195110714148952
196,0.003986888407507221,0.003800728940327238,4.248609658325313e-05,0.0012724148644860005,6.164808222329172e-05,0.0007281933190086188,2.6484194465832583e-05,0.7811933195380173,3.9105711613628496e-05,2.4512638729549003e-05,0.13836495757255515,0.04488251811810529,0.00018282422201248687,0.0025675085024816696,0.01871924404504332,0.004107154567857591
197,4.448757028873938e-05,4.556208727624906e-05,9.685712887369716e-06,5.445538521655936e-06,0.00010305995769025524,0.0009381827556760849,0.011898038857152132,0.00012856481438244477,1.3512050295476419e-07,0.9865103921559193,0.00010427233222220783,8.408085124158577e-05,2.0116438629075053e-05,1.8390411825307565e-05,6.562443941289953e-05,2.3987996579203952e-05
198,0.0014554730779223488,0.6983045810202119,0.000762271009035611,0.05694444657769779,0.0038496843418413247,0.0014079888919782185,0.0004680118455917457,0.031509676734791145,0.00012556317900870248,6.356824279493391e-05,0.011651809861621728,0.17453372127263295,9.38594297248029e-05,0.015450462082194416,0.000818661336238618,0.002560270298004235
199,0.005221928656400385,0.00684906878922104,0.001535660508912462,0.00017421088076997114,0.00010728228733397609,0.00810022541020328,4.1155587949951876e-05,0.8789289561116459,8.224347165897981e-06,0.000203713432319538,0.054053939655369865,0.02829691553422504,0.00035283526677577125,0.007415584766474166,0.0027226407545717043,0.005987628198013435
200,0.09965304967401069,0.008931472622830085,0.004519095352469915,0.0020392938548604426,0.0005994887451512158,0.012829617342583588,0.00409142566383284,0.010932689461517306,5.437691516073147e-05,0.06341202863416362,0.010945390324531665,0.003444213181905849,0.0366705789519923,0.045943829670658715,0.09505498033897238,0.6008784356881617
201,8.514246109720886e-05,0.3559950852358037,0.008730603458678115,0.001808946897537412,0.00012932298672768466,0.013561257169405197,0.00011965614545742245,0.011185659005443696,3.0278157280076997e-05,4.96694866493408e-05,0.3805641668142445,0.20759705274232917,0.00011631338405197773,0.019566755535899906,0.00026492021081267686,0.0001951591401639153
202,2.1425980717091737e-05,2.3956901106598433e-05,2.2795159156563757e-05,7.587063019811173e-06,7.766162988472573e-05,0.00014809867348328844,0.0003625015119563503,2.8420691918855827e-06,1.6948677217709337e-07,0.9987522462367662,2.715544149996535e-05,1.3916949150769482e-05,0.00031007264793104513,2.659069990092295e-05,0.000176424836543433,2.6531486239076035e-05
203,0.006873094536568342,0.03217952453722766,0.0001484605590953008,0.001268413405843952,0.0006030850461369945,0.012785993881246507,0.0004170566244245496,0.037052887553101065,2.6615478941289702e-06,0.001432309206416185,0.03379230719928633,0.22084709484283985,0.0148545519285212,0.08192978873917228,0.040943141512065837,0.5148696209778633
204,0.0005986429753108758,0.0005425916968238692,5.816495952185408e-06,0.004445162901539943,0.960454958614052,6.51046226840679e-05,0.00029871471260923047,1.8235239344754588e-05,4.8499442564003854e-05,0.029464619298198,1.702669969008758e-05,0.0027408269150011014,0.0007114582816496851,0.0002267547719919067,0.0002960582608507626,6.554613375300167e-05
205,0.014773881551565428,0.29355249120077,0.008204459499043238,0.0008979549121838004,0.0011475196180903383,0.02436079844468974,0.0010080533586374447,0.0032877530535360927,1.5203813705486045e-05,0.014001977583231568,0.015748218678682886,0.03909436623942699,0.025054087020438733,0.3824904522560154,0.007895028081530702,0.16846779748142446
206,0.0005181259809527815,0.005609020112768508,0.0007856898901443696,6.277650907288454e-05,0.0002976170366370972,0.3706479321847931,0.0003720089365387117,0.2763598326145333,0.0001291251440904716,0.0023885442211182832,0.14819925161501446,0.004545631000777671,0.11516948427580367,0.04916190349759385,9.432183492847253e-05,0.025658706184473534
207,0.3734044182348412,0.015777022176447983,0.0025407939746352618,0.005219443615020597,0.0009334961099955889,0.006966092812712224,0.0035438666751780486,0.3779372023079885,4.1980022141289705e-05,0.009457873214351107,0.011813588413852551,0.02595170756512708,0.00774468380562079,0.03987394811684312,0.054530524912083926,0.0642634127410972
208,0.0006792296555905341,0.00038495411566569763,1.3779277876912743e-05,0.00025472053931666387,0.010437150927073827,0.0013285699698900482,0.03353341833185756,2.4682501528392684e-05,1.8331134324692975e-05,0.9490418864773822,0.0008247954169706258,0.0012493681254244467,0.0003255173000290579,0.0013301483885662985,0.0005076296967335724,4.580861522617902e-05
209,0.0459603214650132,0.010370195064882388,0.004596263590959922,0.00031260681586204507,0.0014952091404812318,0.025385714001924926,0.0017010959249278152,0.038337135206448505,1.8872678474494707e-05,0.024081554857514537,0.017490203620019247,0.004433699634438459,0.5222821626564005,0.0322935981520693,0.1563104485928778,0.11493097744754573
210,0.35329230289701635,0.07521423460820019,0.003940036507033687,0.0012574427499220213,0.0008535868007268528,0.01972906405826602,0.0007101875539333975,0.006164223818479307,2.3855324552454283e-05,0.0032213245785563042,0.010810729899595766,0.07816288369913378,0.04555672306625602,0.12124512847641963,0.012798844338633302,0.2670194145717036
211,0.0012085127852228521,0.005737031344753342,1.4910022970935702e-05,0.928498146005775,0.0025200759448721377,0.003952396373734002,0.0024598294421116457,0.0001465245999923246,0.0002494342951320116,0.024705805422430817,0.002565423543809031,0.0027019139235206833,0.006444577845828681,0.010224881697800763,0.0006417439429097219,0.00792877793007692
212,0.001304512702208593,0.010175241714178919,0.004086421793106756,0.00043020189135738375,0.00011911758640061058,0.007938943051734407,0.0005352924022647592,0.18320383282001926,2.2253011732435034e-06,0.0008310757441436166,0.003119062356135951,0.0011118758122759117,0.007608734362413029,0.006283613568254092,0.7635816384408085,0.009668167743132844
213,0.0413124465635227,0.019233264612007413,0.0001424926395765956,0.0005402499692974028,0.001017301316426724,0.4863952543022137,0.004220526412141351,0.07194241936477382,0.00046902222532435036,0.004648489357074387,0.06244360536095697,0.061464113499586984,0.004165980297285852,0.15135248487879163,0.012054803129143815,0.07859754974499404
214,0.001811717116746905,0.0672627740990753,0.001019088984355419,0.00016184451815403944,0.0004538961341297901,0.07190034932716163,0.0011185103583073494,0.0025811376456300497,1.2570297580365738e-05,0.00023563864477982178,0.020126763072135248,0.1322316439306872,0.00036273560144986364,0.6696837814629452,0.0018607635028881305,0.029176775821190083
215,0.00824929336576617,0.01173315139862458,0.00035175666226597876,0.002574622602502407,0.00266735103262234,0.034968110584654474,0.772408862560154,0.01865000697817132,0.0006766102675264678,0.014556425120382322,0.00312369368153503,0.036910746003942195,0.007055464759737194,0.012681869010794999,0.015863949621386018,0.05752800619219403
216,0.0007294984125505294,3.9571788297978825e-05,1.3778469228676894e-05,0.0002309159158614052,0.5318505640808471,0.0004897399603079885,3.572346758806545e-05,0.0003927368889366699,0.0044583814091809434,0.4328638901636188,1.6230596032723775e-05,0.02728160436381136,0.00025508289664100093,0.001133144048315688,0.00017659085241905127,3.258765456785371e-05
217,0.006778760131541867,0.0033574131892262615,5.000009906806399e-05,0.9533997148219443,0.0008760859660250631,0.0022442027410073534,8.199427482317614e-05,0.0012390023965351362,4.903986913015208e-05,0.0017842091564916267,0.011446033529474582,0.0040801707360185015,0.001685838747910549,0.005499208865615103,0.0010049673213007393,0.006423335048075564
218,7.503342372711175e-05,2.0399456449596923e-05,1.4558078275190415e-06,0.0016163071921454475,0.0005519059230826199,2.133622087291509e-05,1.3796567809513995e-05,0.00022485510869868147,0.9868428558229067,2.3419561057698287e-05,0.0008953288402539566,0.007237898882248385,0.0005605515246049862,0.0001827213830392185,0.0017215534567781563,1.0670218961239654e-05
219,0.041118465939691665,0.016758888392698637,0.007636440907305195,0.00042252597747854405,0.00039790494406325935,0.03169466815158029,0.000988106220135127,0.018988810424653706,2.4494376768046198e-05,0.0007533519563945432,0.19410085296802307,0.08023412306096599,0.003322657183783638,0.016559015228975706,0.03705870801331499,0.5499409701443696
220,0.0035967813437318428,0.19989651087160729,0.0019727293513173727,0.0005518443643940227,0.0014221928893961558,0.022018192224446582,0.0004597384129948027,0.08689603407122234,9.474931117998074e-06,0.002271215973206558,0.043579455892186335,0.03599278519730511,0.001690364794387994,0.40978942325312806,0.17121624280168724,0.018636995216092397
221,0.13655532476796364,0.053643725198639386,0.015948405350647545,0.01745898428181748,0.0008384428098196847,0.017126162262423424,0.0001651781249984762,0.07399178314947448,1.2570008193262752e-05,0.0017642144413900147,0.02964245162919773,0.017693244440420145,0.007933879895595863,0.01716046383160624,0.5423695827911453,0.0676955935543942
222,2.804362155765753e-05,0.030727565164350337,0.0009375112374406825,0.002736492568431184,5.5613877509666985e-05,0.001609734296669875,1.301926284358745e-05,0.0008221668130279114,0.00707726374514212,0.0002784344970928655,0.6918129413859481,0.25300710664100096,0.0013281082678952068,0.009062591605389799,6.365107413401702e-05,0.00043976790364257947
223,0.0465887267035951,0.10034567251449135,0.03715130720789284,0.0012595810261908397,0.0009370047975870045,0.002892586090048736,0.00020812987397498208,0.0008146443150485437,8.424205608278368e-05,0.008065058557074133,0.07201692852384145,0.7113112384023099,0.002046668227131876,0.00042891071917024756,2.497036234360002e-05,0.01582433535096868
224,0.009354044027649666,0.125784132641001,0.0014337003747161502,0.032228580588092595,0.31291727229066413,0.012121882733191145,0.07634836174418479,0.016045745775091436,0.1455468388965364,8.694279075649664e-05,0.029726155233108762,0.03513309897401348,0.03450827413926468,0.10068646583253128,0.008028926256708372,0.06004958667588066
225,6.795362640232266e-05,0.003632092180128773,3.870894401347454e-05,0.004374816699843229,0.002105108828858643,0.020531924278129346,0.0004647887071703573,0.005070322046948989,4.8811730991337825e-05,0.0014714976150932665,0.8882283601732436,0.031310623217203085,0.006566596463528387,0.034348913151876805,1.815551814269921e-05,0.0017213645516672685
226,0.09919985335133555,0.027103035996150146,0.01902732149405667,0.0011707288060622146,0.000819789970560154,0.04933765430262175,0.0035032026182370743,0.004237224258864293,5.4909595322425416e-05,0.00776879817169848,0.018141787550572996,0.01964709839268751,0.046103542433878736,0.026547289981713185,0.03315569387548641,0.6441820928873918
227,0.22599408787654773,0.02053553945801194,0.0024848729841562274,0.007759360635996323,0.0014570801864281808,0.02314137355435534,0.002490355630662048,0.006965523749930566,3.189860573243504e-05,0.02367792295074495,0.01090866434279499,0.02210821075278244,0.030018432247837536,0.010813897842246007,0.006800088445999797,0.6048127411549566
228,0.0012786337143407126,0.03509502594165152,0.0024618385336803096,4.718434149009195e-05,0.0001340629958868654,0.0020719898970614254,4.9605348049710055e-05,0.0018044180512249645,4.281150093551491e-05,0.00012125783832563106,0.012392598619694245,0.9395144021944178,6.723698901828698e-05,0.0018884745664839268,4.2925303280884354e-05,0.0029875019255271463
229,0.010682893141988836,0.00467161390744947,0.01578328488508181,0.000572712489451429,0.0005658072081520692,0.024949333423291628,0.015057891948065448,0.048824814771896055,2.3065530358036573e-06,0.007418143838648701,0.007738707969677767,0.0017098876505605082,0.008346291317459096,0.0008936279741482195,0.8195591167468721,0.033223558266602504
230,0.010710294744947066,0.032393711641963426,0.0002559827456902406,0.0001704390005197305,0.0010638687615014877,0.013926924184699053,0.006114457741156743,0.0020220555278388985,2.7926672373436e-05,0.022944748297348876,0.00642691502342814,0.04308898593877631,0.0013037431305103514,0.8265198910490856,0.01853471252165544,0.014495333734372439
231,1.4681478744947066e-05,2.1105309626564007e-05,0.99885144653513,2.1931922263715112e-05,1.3932659480269508e-05,0.00010200801839653523,1.6817321553031775e-05,3.558980977016363e-05,1.2618487031260829e-05,7.287463899903833e-05,0.00017934466082771894,0.000448292464215592,5.641323739172281e-05,1.3172733534167473e-05,4.452148432146294e-05,9.527487415784486e-05
232,5.3850470413883534e-05,0.006236094410914424,0.0010839844688567545,0.02665227225388258,0.0018344079125339856,0.03824879921270453,0.000711908721391428,0.008010108692935515,9.908355906063524e-05,0.02383085401552262,0.8246496743984602,0.007434534797525456,0.04643880030691203,0.014180187671799807,0.0004724021024678544,6.301367585253514e-05
233,0.00017572361754571704,0.0009827416264677575,0.0005003150246390774,0.0004870692519653185,0.0012732977142444666,0.0010869235654512848,0.00030231044527622716,0.021572068493091207,0.00033919369258902785,0.004628126725697787,0.022303012004564044,0.0017767972914136967,0.9349331462752647,0.006698971572341945,0.00010309955800769972,0.002837202293413138
234,0.0028504621848392357,0.023959942177925613,0.0015406936192493004,0.00019216121592878328,0.010604937535111134,0.030140270368582255,0.5278037343310875,0.008749229652550528,6.088455678537055e-06,0.0698320559746464,0.012779059398333938,0.0011214126476712257,0.12653443886548604,0.015122400276522811,0.16353530254929924,0.005227786354805614
235,0.05194837735530162,0.012171286287694861,8.74247596009386e-05,0.03014906637848547,0.0035894852088845437,0.04514024778217039,0.0006158229723197599,0.5358919923869105,4.959197725697786e-05,0.001715929821506043,0.06744475144246391,0.050737276566367666,0.010249401419294384,0.028957454312723774,0.10913966926472166,0.05211219819794341
236,0.00010955438364933297,0.006155394744056017,0.11488241745034251,0.10071172742348412,0.00019770074153886428,0.010580029961643889,0.0010154918059014308,0.5916186863137634,9.861652181982675e-06,0.0014890337033449043,0.12804028703168432,0.0029468920818679504,0.0016938350468740102,0.03326468330394611,0.004593348587022237,0.002691002987981784
237,0.013602004429354206,0.013954732977594139,0.0008967218559965613,0.0008848711409327695,0.009096100077775686,0.033071118193962815,0.003243161223553417,0.00023153710282579405,0.026015485548183715,0.007187376702385758,0.056249576187872956,0.02320835544562079,0.13689578987329354,0.07309620276612128,0.1361753235771088,0.46619166560154
238,0.2538018414499788,0.07832801970530127,0.014345495164142076,0.0012723106469771249,0.0032581718870639004,0.019632695369838547,0.008021259292965353,0.36587892776323394,1.3300110077959576e-05,0.008275554911309027,0.00920298957626949,0.07253129610100481,0.003853404929117691,0.025951007976823873,0.010047016140605783,0.12558671653346604
239,0.03480432159923059,0.09823081856207894,0.006763328258989583,0.004875517468729517,0.00024323653776960925,0.022870283194802696,0.00022234481403005045,0.5110535263137633,2.1656214379980755e-05,0.0008303936747830929,0.06113006737152263,0.11614482005559963,0.001653541734348358,0.03206633632223292,0.0867077994767018,0.02238199736380707
240,0.07741535874946097,0.008699023744955132,0.0010308067162691252,0.0012427600353493047,0.0069214703396658335,0.24428433050048126,0.005232436052701445,0.0025542549367440224,0.0012097769576723115,0.044816307996496635,0.0018929229902598654,0.2722860250309698,0.0037424894909874884,0.050211978861405195,0.01704062008739172,0.26141944010587104
241,0.03860940408307311,0.01929232331758387,0.5336259499615015,0.005062428880660981,0.006071758362996127,0.10977078532202166,0.033017426135355465,0.006455501749906323,7.322924200192493e-06,0.03945638050075692,0.003082458166013067,0.0009483047780558286,0.08484849292294368,0.0034445009451314064,0.07651807062658024,0.03978891748276561
242,3.876271479788258e-05,0.07822209062941488,0.00012233441982676074,0.0036388346786293754,0.0037543319292592785,0.018617098532148747,0.00022170065815206932,0.010618481371250934,1.714488518635727e-05,0.00628869881549568,0.09289335770042603,0.04360475158013762,0.7132446878200193,0.02826109301732435,6.313743403411142e-06,0.00045033568015012963
243,0.009426478709358999,0.001962357229971126,0.0002399076224427334,0.003464062506388265,0.0011156435853008513,0.8079012101828681,0.007988307235313186,0.002356525086044274,0.11112523185147258,0.0016950068295091437,0.00209059641834487,0.0166835645173436,0.02006081947888354,0.008148185881616941,0.004133843473990991,0.001608232954781136
244,0.0028996672443413946,0.09822378438498557,0.00015397969490398304,0.0011702429594016555,0.000424378098640231,0.0012899939773200772,3.8251367053444005e-05,0.05856013711357074,9.67362530125124e-06,3.6192563905790507e-05,0.03930926644601501,0.4228062377555341,0.0003866458316908566,0.3683806755341675,0.00014151308055581138,0.006169371613089509
245,0.005845076942252706,0.054151371958855006,0.002629827950240618,0.018360010288065453,0.003664032205871311,0.050129965729063114,0.0013160645745911967,0.572958362078922,3.1593121331087586e-05,0.013406319219451332,0.0724619691049761,0.1174371011230145,0.005549817872058517,0.0255149495035164,0.04598740587201576,0.010556141240619415
246,0.00031126485649663534,0.0005117801548376523,0.00042371023816260866,0.0027343638696438882,0.0036828210288764335,0.0010335080922245683,0.0005668289035666874,0.003239982565997048,0.0005169674425409049,0.0002711012408084725,0.0012988148171323357,0.9784182010779596,0.0015328296836477798,0.004280197931067154,0.0001005640483541869,0.0010770930493743986
247,0.07505350541492273,0.0023668449461867183,0.013134447346294514,0.0016091282274383078,0.0021246302234263713,0.31298177194995186,0.025353109154540903,0.002430556010186718,4.65420229258911e-06,0.049430815559191536,0.00902125498594803,0.0018572056553294938,0.36638908997112607,0.002657285479788258,0.06893932287191532,0.06664636121655439
248,2.749227666987488e-05,1.72457360240616e-05,0.9886737774783444,3.920132775360924e-06,6.318622348412014e-05,0.0020067606427334028,0.0001589415504138595,4.583419586910635e-06,0.0054366511484119345,0.00014616041422521706,0.0010872700836403715,0.0010460124059711276,0.000779022106082772,0.00022325485351300307,0.0002393338650721848,8.63270105428299e-05
249,0.5784060538113571,0.0060153188705470645,0.004592539011907526,0.001992227218054283,0.0018694497031592455,0.009513590649770932,0.0035540993952985567,0.007660454692011549,0.0004682736025077964,0.008348825914326855,0.015890934784130898,0.16878015252727624,0.005820267287626949,0.007831572272569778,0.0049554111090910485,0.17430082727622717
250,0.00024650940173331654,0.10382985010394612,0.00042189563676621564,0.0003321733732094383,6.42782930243542e-05,0.0017670028167895895,7.0196893859462474e-06,0.011040564541674687,2.3433577626063524e-05,4.948172194433489e-06,0.014080016980173244,0.57427121880231,6.526224552951362e-06,0.2931277742556304,0.0005701359204773124,0.00020666359725026942
251,0.02374395126942872,0.0029626762241981436,0.6845885823676613,0.0017056168533533596,0.0006582081270287122,0.03277782324403522,0.0019222840485383242,0.01063408433254123,4.317970824e-05,0.018028459982761726,0.0038031495356841962,0.0004783524238993072,0.12153063134271087,0.006433894809008663,0.06552761562515297,0.025161542019110673
252,0.0002948407351414823,0.0032601442519345526,0.00020626192804850746,0.0005976507843708564,0.916128707016362,0.0036627932541437153,0.025963358612107797,2.4764532677959605e-05,5.350960204504332e-06,0.03819087400411934,0.00020580604223099136,0.0009713303181135716,0.0037095080796092396,0.006436371017324353,7.951036090078154e-05,0.0002627210967661212
253,0.028452780490872687,0.0009289857366699386,0.005267705648317054,7.667409011549566e-05,0.0005292179890999754,0.053941316212804194,0.0009055447306093988,0.000655697475474284,0.00023908533099903755,0.6399920243310877,0.00746851366150613,0.001816171980750771,0.04114777108758526,0.0047153839740133865,0.20839496708472013,0.005468165826770481
254,0.0308974682551538,0.05328553290351877,0.00018092424164478535,0.0021071378302598654,0.0012244700033951878,0.28284256487892206,0.000412015866093078,0.3557817388777671,0.0007322759205852212,0.00674854541999538,0.0890474898028874,0.08648190432338788,0.02072652612161694,0.036536957145332054,0.013135476919754616,0.019858969519884508
255,0.0013122160189927396,0.010192794671508375,0.00021965935068812508,0.01870609984696824,5.266107523171511e-05,0.0007819386408501791,3.0749232974610896e-05,0.012802274775534939,5.766957271138897e-05,9.968455988342291e-06,0.040809934743022136,0.9124936900866218,0.00011174130118543986,0.001668481190856593,8.349946444066355e-05,0.0006666929750012706
256,0.011202567643903934,0.010173631643504506,0.8798705730991339,0.0006105651329166518,0.0006421130782474489,0.010484299663184432,0.0017286208015206929,0.001173963141248713,0.0001020579872719923,0.004917582701397041,0.006628837866320765,0.010800621818943328,0.009805307825611358,0.00242138701844947,0.0033423731855753377,0.046095483542490816
257,0.003113695381039833,0.0035926300318162795,0.003576539458507835,0.0005139223307988501,0.0005570283153591965,0.0034437273212056217,3.736555945466291e-05,0.010097034202781135,3.380008644369587e-05,0.0011287892539271474,0.07533603761175492,0.008964404155283748,0.004907279141100728,0.008858960756863014,0.8655726062560156,0.010266089902276636
258,0.00021001448991940746,0.008765906336063238,2.174031689774899e-05,0.009022836157362874,0.0030535889855168434,0.0021116253473658364,0.004881258166129248,0.0004919587140712224,0.00023540642719958825,0.7740316112608278,0.09389154855630415,0.0036086666134552458,0.09570035996793148,0.0019039366615360924,7.922370895093918e-05,0.0019903431655979957
259,0.028661731946627793,0.020521574076355017,0.002037603568770307,0.6733186502309914,0.005881312538450265,0.003244020919621457,0.0005418556843621127,0.0028586233955863656,0.002671094393647739,0.0035405935716764773,0.006280375657425124,0.08925962131434072,0.004046447009724387,0.1291448678995188,0.016668185128033457,0.011323424714164395
260,0.001998964264688215,0.0014611734150145768,0.004432512311636785,0.0003039943318960541,0.00012832117363772093,0.0063394229037520965,0.0006930819395574916,0.0003367808924886576,3.543805351299326e-06,0.002868600000399316,0.0008450281290803534,0.0008142712833493843,0.005022237841912268,0.005484515473259137,0.9405735325409048,0.02869404475100535
261,0.040493226680257906,0.004599905828789903,0.005251554966993418,0.04502139601738857,0.0007808717324862545,0.011584754777791724,0.00023352937107089112,0.8089378659095285,0.00015761597261867177,0.00012051160546032029,0.005750681428873919,0.007096156272377024,0.0004898746489466795,0.025426862184570187,0.00011789542621100754,0.04393724636529964
262,0.00013969170560213382,0.011435397957743981,0.0002142272113602464,0.00026931354324878,0.0005451403412838576,0.14066989987884507,0.0009291284583599615,0.229555190087103,5.7499567709335914e-05,0.00177611255465024,0.5341238117420597,0.0022450978219809817,0.05086178985728585,0.02637038003919153,0.00015886446409038222,0.0006484115609315574
263,0.002155363711206482,0.0016237015258447592,0.0006016344660373118,0.9833120142637152,0.0016270545719598846,6.26410120848194e-05,3.1631998025982904e-05,0.0008778430513183044,0.00049691255526506,0.001122284436352561,0.0006611159508171042,0.0032539775819364776,0.0014619939837862237,0.001748152313622668,0.000385733467276238,0.000577874391998709
264,0.4447889295957652,0.003270580404642926,0.0026249286809024064,0.0039556858611410305,0.00042397265190232997,0.030753936908927818,0.0007631130819257747,0.042691507281039466,6.101817625178056e-05,0.0021092217774733362,0.014822566005965222,0.001839860656408894,0.024278677875033686,0.015904110463907606,0.02512696738216758,0.38658497471607317
265,0.010645744705215471,0.026387797037840596,0.003605907224781521,0.0007136551859480663,0.005162575949380625,0.0188833895392671,0.00048398134677634497,0.08019944262051974,5.839774675264678e-05,0.0012181889670228611,0.15529818214150914,0.04405809319055994,0.006768304558855354,0.019385339520639845,0.22818840083542638,0.3989425877959577
266,0.002690884108758423,0.002114185264226659,0.004742314974745171,0.01265183491550573,0.0013035366427261125,0.057020891348227284,0.0022957535912533932,0.003609658829432547,6.813259087160734e-05,0.001398357270894383,0.6885893096631377,0.03327653376650626,0.020172563051355844,0.0003210846063253128,0.00037696314084552303,0.16936803893561087
267,0.00038329757513363977,0.0002381022960239461,4.6919274254090473e-07,0.008698530947114041,0.6090908137632339,4.787052807176979e-05,0.0001387574899518769,0.00269256042826487,3.4447919809564956e-06,0.04195195125794037,0.00036763796627665063,0.33488893118829643,1.345821086965721e-05,0.0014508476819749762,2.443586353881286e-05,8.876649952489262e-06
268,0.010058372234550389,0.005319636726962079,0.4682714311357074,0.0003033741496014723,0.0004951188896661714,0.015177399058248314,0.0013352547379883043,0.0006762614154687199,2.6101497170356116e-05,0.008059429870259866,0.0025200132324177935,0.0005074142539916992,0.21026150621751682,0.003264524054444659,0.09023426277035611,0.1834899370105871
269,0.032635606488030794,0.010097723170748028,0.0007567629215330125,0.1924969609724735,0.10483266891820597,0.027039768872184795,0.012533072948989414,6.840668346487008e-05,0.001023300657735361,0.0010987522815622715,0.017593985559191533,0.3192817919538018,0.004441825463811358,0.08907227617025987,0.00021263278068139947,0.18681445028873916
270,0.013055378194473298,0.014234304811088958,0.00022508972557074236,0.0017679209067372474,0.00130229087849267,0.028193148091459785,0.000204302076506831,0.8012623632338788,7.908854405197306e-06,0.0012644181717074235,0.026130258548425954,0.02860810622173749,0.007288944222882475,0.007835572012150498,0.001303163764966314,0.06731684942256419
271,0.0002740949917579146,0.00010017630406473747,7.036888547640725e-05,0.00024135379210487776,8.926102509312262e-05,0.002307819085324524,5.1228648422142536e-05,5.936646169790753e-06,0.9306738739653513,0.00038061554300009357,0.002681354115987527,0.0005594704148710606,0.060811245345320585,0.00019065232492150144,0.0003926582710215139,0.0011698741406353885
272,0.3367036596376516,0.1306308491520693,0.033890041292648665,0.002586989247722849,0.0009331703681694013,0.009858720818368463,0.0004048609237292259,0.003912059430021175,0.00017347682113572798,0.002970937681629136,0.008483623970356112,0.4144852648893167,0.0020629977843147724,0.00914665132050048,0.0047308470962723935,0.03902586087391723
273,0.2874233601925724,0.0032634110106797955,0.0014374525791163199,0.00036607588238698303,0.0006130561472944252,0.04891669801270452,0.004968582849954957,0.0014604097704592877,7.030455709143408e-06,0.03101319540880947,0.008069143889010609,0.003977938466796423,0.04792150449162657,0.008012575521462945,0.05927766171848816,0.4932718958614052
274,0.0018802130296503522,0.1000508082001925,1.755921936118912e-05,0.0025269338834534288,0.0006405767337700628,0.03065333891776786,0.0003700146426302521,0.0007626224285755534,0.0007564935341017527,0.00011749336881611012,0.031182331295746674,0.40512576309913384,0.0039957315513298565,0.4174637527661213,0.0006007492007908804,0.0038556016760115494
275,0.003265546685161087,0.0002524091282986795,0.00020877711086914418,0.00016385276943861067,0.0009789272109720886,0.014775286856692972,0.5967115910490857,7.585452921355149e-05,3.3042385362848895e-06,0.23321520526275266,0.0005983127655622484,0.00018545366131212694,0.014147985577824831,0.00030345721953801735,0.004301397851126854,0.1308126849424447
276,0.4491670069393648,0.003932829299257647,0.000761321304704524,0.0008307006889316652,0.00034690081010493905,0.0424151034504331,0.005538888107795958,0.006763321444850818,5.5995699512107804e-06,0.06138710116458133,0.0041407604408318964,0.0009329929931667838,0.06204233615976901,0.030304239049085663,0.2561009317339845,0.0753299909586926
277,0.1034555049172666,0.02070196328702214,0.05929893899903754,0.2796254826852743,0.0010203481171307028,0.010118670659249276,0.0003532364131260834,0.06008682522425409,0.00018020558598652557,0.0015661846202868297,0.026045950217670845,0.3004191150529355,0.005568919177705025,0.008406575183830605,0.0011677804113287686,0.1219843153397498
278,0.03843498877868286,0.00783700321692544,0.0062558460433111505,0.0025112810991337825,0.0009026549320771452,0.020823900555247143,0.0015535266205681218,0.026632504360963465,1.923109188450433e-05,0.07511084737709338,0.018987904193203432,0.010654120163618925,0.10397954133317928,0.028951744800211746,0.1289407720065914,0.528404143387873
279,0.6356279954186718,0.005334771812448124,0.015882389919869105,0.003873451650144536,0.001008286300688739,0.1012586276111646,0.006840845065793263,0.0033033334479914533,1.943071490587103e-05,0.06454716241378249,0.0020187642822677675,0.00927120550440556,0.0273069820240616,0.0012294918544055592,0.03737066945910215,0.08510656102598652
280,0.008111751499518843,0.0011843437601964542,5.1475145898363816e-05,0.9637938073147257,0.004198874568623677,0.00278451318021117,0.00048618388830606364,0.0005038546730567639,0.00038826208088546684,0.0002636760452454283,0.0038160033000579564,0.0007599813012832516,0.0010590295974977236,0.0012694603868142551,0.0022384284794032725,0.0090903755255072
281,1.3164330096119204e-05,5.701475825079803e-05,0.001046115328174759,0.007218235024017402,0.0008747832935899905,1.5516545794147282e-05,5.34379268980391e-05,3.0468386568036303e-05,0.9816924665062562,0.0028049061554333383,0.00015867184880721355,0.0032143819180919134,0.0005681591300756991,0.00019161034605517615,0.002028532894602539,3.2535297269569975e-05
282,7.861437281809433e-07,4.312728424447531e-07,6.137706626215415e-10,0.14494620498268526,0.8527616839268528,5.1361243137632345e-06,0.000471498681468268,1.3197356896053897e-06,0.00021160236002887393,0.00012400637021174206,4.146582308454282e-06,4.9806922912030975e-05,0.0006113453334329163,0.0008115494268912425,4.1468973274302217e-07,5.3675920856592883e-08
283,0.049562852743506906,0.02971233030198009,0.011468453129521902,0.003802516858325435,0.0005658659504989861,0.015787154152993157,0.0007540490330593114,0.004459173569104908,3.866914865255053e-05,0.018754533869923005,0.017408012323220878,0.017374564030854397,0.12877018973729354,0.0321961273838768,0.02134158961689163,0.6480039257747836
284,0.007328593440051273,0.22307434917228106,5.699738966660251e-05,0.00037016002351761306,0.00010179215367822907,0.0032962177858479307,4.9569205157162796e-05,0.04492981459191531,1.7829297268527434e-06,7.761849430791212e-05,0.015531184613282003,0.6373200719923003,9.221269231966352e-05,0.06050817763715111,0.0003317381355952586,0.00692969253282002
285,0.0017366199656881618,0.022180411732442052,0.009762950061597692,0.001060198133748953,0.04586915770989799,0.013244345368117805,0.35314878004887124,0.00012621403067641964,5.037980789257286e-05,0.4183264029374399,0.001005852623718489,0.01174503800097535,0.10494778415696238,0.011311747277894024,0.005114043718094321,0.00037009090091434074
286,0.0024646952324350337,0.061101846725899155,0.03868970066220536,0.0016156190483156883,0.0003802130125168051,0.02086271909096431,0.00037774021519056366,0.0005341417727839499,0.00010598075844080849,0.004978259099272435,0.019240986656961813,0.004659785186739307,0.10553809812699903,0.7155744322810395,0.00652145930298724,0.017354316464091194
287,0.0067866304859091914,0.05269624484427628,0.06910500999118384,0.0016952828735571591,0.0004337477104314356,0.008627048784005208,0.00017901583944204952,0.0028547655489124164,0.000162391880587103,0.0010013381507129934,0.5645559786140519,0.11391999763233879,0.018549483085449854,0.021684544785370553,0.0621150755906949,0.07563341366782915
288,0.11043098062341483,0.046178436214620436,0.023298193660735322,0.04648583343310238,0.015047624341149118,0.007507024761594325,0.011495561441332867,0.019584625756168657,0.00028042488519730514,0.0022613320268317595,0.009791150156809472,0.04218435874707219,0.00984982853891481,0.0713885200749567,0.006880092504762271,0.5773360315976902
289,0.0009781116216595201,0.006070857830260944,0.007907861374321463,0.003112040493736285,0.0016916525564927031,0.0017894724016351722,5.729486543396493e-05,0.031873146394610204,3.531543782483156e-05,0.0013846314450768518,0.7914629336477382,0.01947281822964389,0.003160648853786333,0.0025100483459095284,0.1163616920404235,0.012131515993455246
290,0.002001117661181615,0.03319455281643889,0.0018639318262062808,0.0005782289573855826,0.013223036290811549,0.013987059385894899,0.8347824749759385,0.0007861772324639077,6.729670895572666e-06,0.07032322056638307,0.0002690614361008724,0.01476985672319538,0.00040587996574937445,0.00528323430372974,0.0015952111714716008,0.006930225693359
291,0.00012260031212500087,0.00026658631980844174,0.001443873283541867,0.00011131631345197934,0.0005728400103724737,0.0019917192721848045,0.0015059223971196146,0.0002878638689206318,0.9714263722810396,0.006289002442031888,0.003143270194997398,0.0045740085089737825,0.0043506222276716916,0.0008795979148790901,0.002922245450848473,0.00011218880062302963
292,0.004963981054310841,0.03940912817744231,0.0012397611754494705,0.003463935319836642,0.0010383681963332025,0.24076853453478345,0.016530552323187685,0.005322933555091581,0.0003257996048893168,0.1282889199393571,0.04472558189143408,0.023119724528700675,0.03642830015276228,0.4214401491049086,0.00917118453644425,0.02376318335042156
293,8.195438838306064e-05,5.105695117420596e-05,0.9961144636092398,2.3081995524542832e-05,9.447124007699878e-05,0.00022295787921081963,6.430197002887394e-05,4.636025081809478e-05,0.00014842670471607315,0.00011555512527430489,0.0010917450736286699,0.001016285747930748,0.00010195148855630574,2.3721902223294296e-05,0.00015716681621751692,0.0006465192949961403
294,0.0019232497833496292,0.1016055936942999,0.0002915992834234994,0.0005924356846178557,0.0011168665614125857,0.014929333688576019,0.00022316926727884554,0.004905303206902406,0.002365239188835478,0.0002380915918968174,0.047531378223063026,0.08930295708364043,0.012194725555389746,0.705986721655438,0.004529984361766078,0.012263283930170791
295,2.8423479122275266e-06,3.6743998221367225e-06,6.113709135170357e-05,2.4553321680461983e-06,0.00011034804057170357,0.00015218012223337465,3.714376054635002e-05,1.26060759452333e-06,0.9983017531280077,0.0004418562608768484,0.000474956017951877,1.992215066631345e-05,0.0002037169431576093,6.879480564887355e-05,0.00011521019286128417,2.749917993262784e-06
296,0.05717140100758373,0.02536522356148058,0.001500340205792229,0.0002864723561272597,0.0004582739688634456,0.08856551897333668,0.006771156007081424,0.010024254928777673,0.0002527664368531613,0.0008249040122270941,0.03762867839333821,0.6585520717516844,0.001485033390016821,0.018221758291657363,0.00720295441295502,0.08568920246978433
297,1.3442267056352785e-05,1.5160021510550962e-05,4.2983251746444564e-07,2.495520963814064e-06,0.0001351763746233808,0.0015501601506322396,0.8187300285466795,1.3852938255705247e-05,1.0373394548688741e-05,0.17836958519869103,6.428081381494046e-05,1.3466332629573053e-05,0.0009548880231580801,3.5506324402717425e-05,8.018101513590416e-05,1.0958667853655507e-05
298,0.001449507963522618,0.0006521012679691855,0.00011562171367975219,0.9924381755726659,0.00024980951462945166,6.918790642925895e-05,4.454827976904716e-05,1.1821339894149217e-05,0.00022570782959769012,0.00024245455076997628,0.00017255297347449489,0.0005182538575761547,0.0010193267751688944,0.0004404826652734784,3.681734301251203e-06,0.0023467337434523085
299,0.09706582011634302,0.0006522309353416746,4.4335753224254095e-05,0.00793431155936593,0.00017286152361770934,5.3301683965351305e-05,0.000356967635000154,0.0030179101018112803,0.8333720323580366,1.7993721835611168e-07,0.0002574729092767276,0.016076123055822907,9.029345659287778e-05,0.024751456771444854,0.0001865697188669506,0.015968120402615978
300,5.518028762234025e-05,9.578549198712109e-05,2.7199865184967934e-05,0.00010878228945919681,0.00014588987196116854,0.0018376806611626842,5.3569557896716456e-05,0.0017415084651915419,0.9844968305004812,7.4933163708812545e-06,0.000998610615630107,0.002718027078947826,0.0045190178180463635,0.0017046420532264947,0.0014538527984409664,3.594438941810117e-05
301,0.000757278283830647,0.3046939295025986,0.000638881841278196,0.0009238672529134168,0.00012231994623551675,0.0031015428010158696,0.00015588777537367518,0.31610562023099137,5.9559750388065456e-05,9.929914100670665e-05,0.19097992885466794,0.05483923272438884,0.001322714575083988,0.11765924555341675,0.005050941004050294,0.003489768435721271
302,0.002483070373339763,0.0034139738582472166,0.002832410718881346,0.0036238539131318577,0.00021665283437559088,0.01655322895306703,0.001674809483540027,0.008646223504416175,0.00010088122522094323,0.012165826187566222,0.004294401886956206,0.001763137227144073,0.012243621271793738,0.004990680273604884,0.9216645838787296,0.0033326133948065914
303,0.008225043684313618,0.0007603511138693916,0.005838774761019519,0.00048775773147257,0.00020728782430815782,0.006642872692304139,0.0002190455385878729,0.0020468959730150682,4.46143471414822e-06,0.00386298473641717,0.010554551021780618,0.0004563581535139114,0.0160221858027103,0.004687305555757922,0.9265669736092398,0.01341719839883357
304,0.034393837055021366,0.010747151018932052,0.005050730811924731,0.0021873708953731356,0.0023778626500250244,0.03592369671635495,0.042483464963618864,0.05764112700692974,9.234997121578441e-05,0.06847920645466796,0.014125864420503561,0.00674868441418515,0.010319853013783024,0.4219410260346487,0.258917761421109,0.028570013606780364
305,0.02913889371703561,0.009650452880923968,0.25919960643888357,0.0003489562649350011,0.0006533763279114534,0.03442354067949952,0.18920539642733397,0.0016352598351260829,5.3458524196347274e-05,0.04048000900962464,0.0035405059980750725,0.001492710771548784,0.26600513043310875,0.019808487854571705,0.08282395237824833,0.06154022913955728
306,0.013193307505293553,0.021250584358036624,0.00017543906219826759,0.002317796658768046,0.0003386140378729548,0.006122840093359009,0.8596749995091435,0.00196948812191606,7.004979344984063e-05,0.026203060943599615,0.02775110786460059,0.0050178970853128006,0.0023333686198268237,0.024091339308005843,0.0024953751828681423,0.00699470648604485
307,0.047905322884943216,0.001253258853974976,0.007100959444420386,0.7346072712127044,0.04092858295599312,0.0011614554456064535,0.009593107221410572,0.003971765800577478,0.07076856283471777,0.013001923338429415,0.012600088230040161,0.010912042866502405,0.00335324280176123,0.016566445126202117,0.0037189043884787486,0.022557029610936176
308,8.1223538142452e-07,0.43617815114687203,0.0018614775138635377,0.0004230535823548752,0.00019647004230554196,0.032637895985597694,0.00034154777058762674,0.014572066384061598,1.2514257519153031e-05,0.0005376945032569779,0.45199303543792113,0.015196501310468525,0.002410736327304327,0.043590568496631385,3.314874085621423e-05,1.4293010975076035e-05
309,0.042604640127872594,0.04508264191710907,0.009587979884119347,0.00378737264974031,0.0007663909644054972,0.03168581675410666,0.00271782361409369,0.0019116385019388607,2.5277736075072183e-05,0.005390201995342413,0.00395877905043168,0.05097863372128706,0.00970962852281835,0.650591071655438,0.014366516480312655,0.12683559161301708
310,0.038756496972806385,0.0011171683507859027,0.01854566915571126,0.0006938128689126883,0.0017704062946871995,0.3742751235611165,0.1929075530991338,0.00043653285359461025,3.0610962282964615e-05,0.046739004760346495,0.0024632031828955535,0.0013671786178082034,0.2519467887680462,0.0017419600912186258,0.02649602124158537,0.04071248940500482
311,0.0016353546756577655,0.03945758385434134,0.0006095025290722783,0.0004227580989697483,0.0005378958931232698,0.02043150353988403,0.00024080687572682706,0.011963659582290665,4.558122441770934e-05,0.0024389258012967453,0.5799057380173244,0.29397760620442737,0.018004027716784127,0.019382715382386905,0.0012939568202058904,0.009652343565071246
312,0.0007387547445646347,0.0008461554324760882,0.003284317168157122,4.051481446092312e-05,0.002539609731965659,0.017249109081605388,0.006107366472682453,1.353235300115417e-05,0.002404216636746904,0.9215158769008663,0.0007198440959401733,0.0011129981147482897,0.0232916772938135,0.003812509437189606,0.015631184248684572,0.0006923192827568825
313,5.445847697786333e-05,7.263018206160131e-05,4.284214530318343e-05,4.407249386910491e-06,0.000307412837844081,0.00267762915389884,0.9442997880846968,3.0658141472611815e-06,7.573769984985562e-08,0.05025185080658437,1.0988050302213677e-05,3.466329375360924e-06,0.0012290602423491589,3.5711518789468045e-06,0.0010226591834841192,1.610373571130086e-05
314,1.8513089295476633e-05,0.00014743069364931595,1.1112884148796937e-05,1.5602445147257e-05,0.17984680005774784,0.0002797210811510904,0.000385196448134668,2.3342724031375552e-05,4.6728033766891256e-08,0.818589873147257,4.242674347308568e-06,0.0004235064073543137,6.828792236762314e-05,3.5490941343517994e-05,0.0001494937435573775,1.3503753388816801e-06
315,9.28635123291655e-07,0.008017852072063516,3.863958120119175e-05,9.724076737249902e-05,0.00031882757456012787,0.0009677532964648779,1.4889298504700204e-05,0.00024208107984885466,0.00041309513035611164,3.6175413135443927e-06,0.3239252020644851,0.6649959708758423,6.680054304531138e-05,0.0008789732528329232,6.827537225644854e-06,1.1324991389797882e-05
316,0.00014596916956689123,4.0706273450240634e-05,9.655890709951877e-05,3.561930630895093e-05,0.00048367492307988485,0.0030675129285524768,0.0009880410929925115,4.826694463142042e-05,0.9877814330221366,0.00039358728368443275,0.0005146358469886921,0.0007844902289306375,0.0038385716932546237,0.0006240316191470724,0.0010394866547066696,0.00011745194818451059
317,0.00550696574790532,0.02201934946588657,0.00010878740595765177,0.00023154168363816172,0.0001761027221175458,0.002768533159583823,7.033337142446275e-05,0.8720240846487007,6.632954424254091e-06,0.00021097472208956572,0.018204889541375068,0.04743430504331128,0.00021185840240652506,0.016923671408551673,0.005270383232916267,0.008831596823900566
318,0.022458773501338118,0.025604646843569587,0.00036548456282803544,0.0015455111850938977,0.024625919668398614,0.1628253973550722,0.007686692517278297,0.003875039771826064,0.02590296376744455,0.0025188319649561298,0.00725242502321463,0.1678509845207469,0.09753301771876806,0.40638626839268527,0.022388967464039393,0.021179072799568814
319,0.030377490091234315,0.035531760547275394,0.0025439575256352657,0.002320229616004718,0.3798661168316651,0.01915167707498996,0.004199791155561057,0.13246577372070067,6.938926709336008e-05,0.06284039224563065,0.0350609731656685,0.1009381248341242,0.0389589785087555,0.02589388391179173,0.01044172271610302,0.11933975112726652
320,0.006298842040777449,0.0906522958699765,0.00836656569586143,0.0011853461335902132,0.0003756209196289645,0.3634256075072185,0.00024248160399611456,0.1418285544562079,0.00018498984699903754,0.0035878992976044453,0.1822771191657271,0.10295740403457171,0.00740733802095946,0.07133829055153032,0.012879399919304394,0.006992245273323964
321,0.010676479624178779,0.01948422682883542,0.04379641294778295,0.04228482624154071,0.39613249847930704,0.03300477341051011,0.0036158831789504468,0.004836019622132176,0.13291477275742752,0.00048149149385369813,0.007260979427049087,0.06272186589058712,0.0009610478939049934,0.02187658907564966,0.21498942988760697,0.004962745352307988
322,0.0008505218167276227,0.14458976119823655,0.008050149886082771,0.003735698227911454,0.0003984515003849856,0.005168665689683736,0.0003256154253666992,0.6929306151203081,0.0002549165376669875,0.0019164526091203081,0.05403872708448172,0.036541050277340906,0.010841295830991346,0.020891819786835415,0.01751289249470646,0.0019533823282028018
323,0.0004661168468719927,0.0007061071189612929,0.9841462692107796,3.7399403514918194e-05,7.328883844998108e-05,0.0019704152033197895,0.0007454613962556722,3.9395908165699474e-05,2.5417602707872957e-05,0.0007187699763491301,0.0008205254433630734,0.0005883409374019987,0.005390646958342792,0.000569047533772225,0.0015002388656309507,0.002202559891536878
324,0.011589496406160261,0.6897431644947064,0.01551814167934479,0.004312290310105917,0.0007953043558667062,0.022607176884054402,0.001540102437502103,0.021170946899615017,9.799915530317612e-05,0.001703733477746627,0.02943992527546872,0.04537905416288421,0.007219490737975037,0.05955955240330703,0.015858569428297803,0.07346501484681568
325,0.1083732892360462,0.005956770756921656,0.2884303728970164,0.006379521985792716,0.0370068756053898,0.036530534361085665,0.003187507984893167,0.01358245509047161,1.081860130798845e-05,0.02101520832974014,0.005777165438806853,0.0008689341139891632,0.12365584674212897,0.09167185234841194,0.1191338951334745,0.13841895047237807
326,0.03529328035675594,0.03586585340473242,7.817652146041741e-05,0.773388093840231,0.001983788639473987,0.0022613660458955577,0.0002950719667152411,0.001937901452815646,0.000977480290856616,0.0016905440909268947,0.01423955763115846,0.11387877470606594,0.00317307680783441,0.01218250557090412,0.0007146988706830208,0.0020398662953140254
327,2.8621747160731477e-05,1.1033851212031107e-05,9.050337633262754e-07,0.0003027125927353224,0.9928154996631376,0.0005478673278104033,0.00010398301074109722,2.8177995320534045e-06,4.764899985563049e-05,2.5936283416775034e-06,1.5492854073155884e-06,0.00033033388323966124,4.533010791915367e-06,9.887679230317599e-07,0.005796511330989125,2.423038522525878e-06
328,0.003317844372507313,0.0064099093128393,2.801579085043311e-06,0.03113207311357074,0.016297337746117295,0.023686824698749085,0.6453141548893168,0.0004967935894128978,0.0009977276216515882,0.23040901080480042,0.0004878772269297402,0.0019612128678537055,0.0032177011732435353,0.0008609956241578441,0.030996700043313827,0.004411057215591915
329,0.0068431023002914594,0.018165185197574887,0.007814437117421174,0.0003256043205994508,0.00026165936252306004,0.041169979218351326,0.002067424230033124,0.013898777021382099,0.0010801404173243633,0.04393662326021568,0.5964841719056786,0.20231554732292442,0.008409166708477444,0.00973156917439538,0.023366986585181024,0.024129640649639506
330,0.015694685705528177,0.07082433342484698,0.08427328446994226,0.0017978377854655323,0.000731384983285025,0.024583756399834455,0.0018175854737101451,0.0014792860805428296,0.00031641538253128026,0.007555493820339761,0.044696517140327234,0.3040566896823869,0.012436770797359,0.00928667152775361,0.0007412606061644263,0.41970798454282965
331,2.11118212189978e-06,3.147164448903178e-06,1.5954956846247993e-06,0.0007706452614196355,0.006753962536267566,1.817638497485281e-05,0.0013602126310858517,5.695123412022192e-07,7.874863313553979e-07,0.9909093144177095,1.8607710561036273e-05,3.175346803377859e-05,2.8031080620414177e-05,2.0324874054202585e-05,7.95012970452358e-05,1.1756372736770506e-06
332,2.782068701636258e-06,0.019300636525961864,0.00011243948494476558,0.000816116338520511,0.0008560314412205283,0.0017035630478712223,0.00014504520127334088,0.014265928385784794,0.0046655267484599664,0.009673074364131035,0.09877123553379286,0.024792261823041933,0.8131769293936477,0.010361388775568817,0.000612203850420247,0.0007448426965972482
333,0.007906775498613428,0.051037471899624084,1.4746661493315177e-05,0.003489695922227983,0.0002163300260371761,0.0019159456395631109,1.559618654838742e-05,0.025446357192685273,7.258422013398892e-06,0.0005355134421923939,0.0038294742475564972,0.8752560159191531,0.0017710115871291628,0.01261181513282002,6.338676167881519e-05,0.015882674324937056
334,0.012016026831598088,0.0016412608204042557,8.090394404237556e-05,5.6682320356111664e-05,0.000273170551089899,0.0249715211060212,0.06506491590351778,0.0003130660534125815,1.1575549208941675e-06,0.881330433763234,0.0036852920846970807,0.002112986898371062,0.0029201049891748676,0.00048706639665145954,0.00338184486315548,0.001663598239782101
335,8.625241954013496e-05,0.06614055256785373,0.0013070531944835073,0.007341111007207376,0.0014787139847892204,0.40353820966313764,0.00014054581484153084,0.00777247466882919,0.00016129975375553474,9.754271015409531e-05,0.2197282596111646,0.16066555740804622,0.024031272611702174,0.10723342424061598,0.00015023697210803113,0.00012745569579864085
336,0.0075052059753735615,0.0068052595216451465,0.5939317148219442,0.001967917239864716,0.0007447564842194803,0.03565729066113571,0.0018622011303839844,0.00017247644078999036,0.00010163906679536078,0.010616357502467758,0.008031014777769237,0.005885779390252936,0.006187515894703845,0.0028239396572512033,0.030858059880633837,0.2868488798979788
337,0.00281063222513197,0.04043493716131219,0.0013246623533348142,0.00039784193009971894,0.0001300086143706775,0.005392399875576516,9.72677873581744e-05,0.03974372191909913,1.9987834818017324e-05,0.0009614447034135792,0.1359825887458125,0.033462654215822354,0.008326344778097402,0.3898414354427335,0.27649762296158614,0.06457644693743986
338,0.01005704467853714,0.025037000407141186,0.004576070446318446,0.0018842779117420598,0.0002482361673726502,0.02224602518052188,0.0018059145425752589,0.0103159551181282,4.515797149720886e-06,0.006279524939364879,0.004994635507775439,0.0030401490848894234,0.005096733959192873,0.0144851899901128,0.8748326781328201,0.01509613736247257
339,0.10830997243041385,0.010176563248082679,0.0131706172960154,0.001053270175789746,0.0008577410391308027,0.04677081067284697,0.00190713483652845,0.17224114666294515,5.1159278575553436e-05,0.027650798758036575,0.027229562818069375,0.01864444463656515,0.028416681170487006,0.009823449174821945,0.060743238739852164,0.4729533955149182
340,0.008566057237535982,0.0036568913617928507,0.0035995001497778627,0.0054731911963488665,0.0007937916289951107,0.042241736425818674,0.01481348509909878,0.0011177161465832533,2.4047731230028878e-05,0.1308741180966314,0.004216450797987577,0.0004364050183625981,0.663857332935515,0.016316644637094896,0.02892193600700096,0.0750906785760924
341,0.1406517105649691,0.0008025885867319862,0.0005334708088798674,0.00028951963853503904,0.0011355756241190453,0.29479099584215596,0.1020782161091049,0.002690928191787257,8.316536857362852e-05,0.12494073712223293,0.0043305819283557265,0.0032240460214016387,0.26341723692204044,0.006830541654282965,0.029107353654255246,0.02509335619364774
342,0.0024691478269778153,0.007078117562094322,0.0006199835730007498,0.00028722318420984613,0.0008157034408145286,0.026162765275649664,0.0006864748466410009,0.0013135449985739363,9.617302192492783e-05,0.016743849805620204,0.012880220987290934,0.0022946544582764963,0.7408729981135709,0.08811340987969202,0.01061173857576131,0.08895405977863331
343,0.006491206058779994,0.011490656955947082,0.018875523084819698,0.004276322965351361,0.0028063058083786984,0.026296651347449473,0.0025388638264523576,0.007038216345262753,0.00010645118044273342,0.01590938376266795,0.015714747362844537,0.0022435376680318953,0.1287393977901829,0.03214875522232916,0.09864817947511068,0.6266757609432148
344,0.0020502324482333536,0.0013392335072147453,0.02225631941849535,0.0002485129025890409,0.0002709745418870837,0.017177348158421563,0.00583586662562849,0.0029245094698748795,7.232055427333975e-06,0.2739546268198268,0.005049063047299327,0.00010672009353743308,0.6159460012704524,0.007666756461847931,0.0424033964491819,0.002763199092054668
345,0.0009827145822560177,0.0005680075746871998,5.63982458806547e-05,6.439708758421631e-05,0.0004537351702498557,0.006282377644140418,0.00041383603219061335,3.438211483913031e-05,0.9307360633205006,0.0017646238032529142,0.011170201570186306,0.012183153244907765,0.006199772656978006,0.0031646829320565247,0.022749284973337287,0.0031764064325203244
346,5.291007013939403e-06,0.00011150269235866796,3.980048601730126e-06,1.0873206259932759e-05,0.0011138153384562077,0.0008274297327884813,0.34423443255052943,0.3350740776349182,1.7360440267564966e-06,0.31023695033724735,0.00026137031479671303,0.000278549731592418,0.007746252005235805,1.4351828012550528e-05,6.587122270394995e-05,1.3511015688169395e-05
347,0.00043302576809047303,0.03009929059202194,3.1822320877767914e-05,0.0029772306869103675,0.0037482364711870077,0.0030142646368235427,9.3713345489055e-05,0.008835591684287969,0.0013083297366698748,6.449233619108735e-06,0.12174194055917073,0.8257510667179981,0.0011007417225854402,0.0007421102267333976,1.3734856889508266e-05,0.0001024133930566279
348,0.0016481090335899906,0.003711351534167481,0.8793710899903754,0.002528727950875842,0.0004533403248259145,0.004327936385336992,0.0012255050156055873,0.0002615795592637331,7.499007896130897e-05,0.010533408837782879,0.0009546519844300601,0.005241221241710463,0.017196661943640775,0.0004499359705103706,0.05759325870550068,0.014428209199479724
349,0.008508448276230547,0.005973069338030259,0.032945062058810384,0.0007203768317628413,0.0009403015416970809,0.07020939427396077,0.0010859108882936787,0.015294588234140519,0.0006238355419634264,0.015059794917452402,0.6852780586717998,0.06259726619811358,0.007108926555243611,0.01261112134961309,0.028282576660474547,0.0527612824371394
350,5.010479907603467e-05,0.012700178675762997,6.686556854668013e-05,0.000357160595654938,0.00047739096843916887,0.0012452386883632547,1.6128058019253202e-05,0.0018111483400013177,0.0005135394372011567,9.72333894844034e-06,0.01047788011249124,0.73558971280077,0.23280809877320766,0.0036848672354186716,1.6916442045794326e-05,0.00017502339149792626
351,0.00011071423143407686,0.014203571018914878,1.1118979955433775e-05,0.10456352458424562,0.1705210363432131,0.0044158399721984055,0.0021383508002410776,0.0006332426027056784,6.456580037613344e-05,0.07508283042335064,0.038557024207067234,0.033078852233233424,0.003977176031420104,0.5523715801049086,4.674695366321483e-06,0.00026587661809435734
352,4.570861199926853e-05,0.00016184731359938402,1.600997568928471e-05,0.00018489813945909528,0.006236168368975767,0.003749135805447546,0.03606062893289702,1.0710321738402309e-05,0.9345794492781521,0.01178123779799153,0.0005511951566521655,0.0015579888978094322,0.0017854154597553757,0.0004778586003549721,0.0027692912338127215,3.245649980607583e-05
353,0.006796380491150837,0.0021985695448839384,0.0031662043400438886,0.0027881069064519303,0.0006479413743275457,0.009594007845235803,0.00048609894292661935,0.012670436890279118,7.6028987792107795e-06,0.012071493938801156,0.007118174936477382,0.0010778600256590313,0.01188091905905115,0.00636770048134976,0.9119250381039462,0.01120348768612127
354,0.001535340671905743,0.06836820131849855,0.013550371072215593,0.0011797927501190203,0.00024962364957690093,0.011543492514717998,0.0027349872342637156,0.0341150480214822,1.723050373178056e-05,0.003310102688974014,0.002383424083168431,0.005850020440246391,0.0034643450728429645,0.005742449435996151,0.8393891835803657,0.006566339994799462
355,0.0010581299386487114,0.0003306501597721527,1.1241638286843938e-05,0.030155578776610983,0.0005335363490705632,2.5611203619981264e-05,7.692687687598862e-05,0.00021107902514534978,0.9585066113570742,7.763942414492284e-07,6.111250800288435e-05,0.004437906572584688,0.0003124556253238994,0.0020253638442002233,0.0012160064189220981,0.0010369900397575807
356,1.0410971884735322e-05,0.005809840420307987,6.475760887391722e-06,0.00016300315885466792,0.9887245486814245,0.00026521209674205964,0.0015924281872954766,5.925783499980752e-06,3.2113067901828684e-06,0.0006383069021174206,9.060861947064486e-06,0.0002156232377093359,0.002195070512512031,0.00035047689470644853,2.046173671790183e-06,8.355911443888355e-06
357,0.03949562637925478,0.007928925011352148,0.00012463797859635063,0.0013302166716345676,0.042082027229030816,0.0022732266520164687,0.0007358573965986749,0.02693220913776508,4.440948571703561e-05,0.0008360079670074233,0.006350418292920717,0.09875878892573167,0.0004644787545753909,0.6694580122040424,0.07643785074921328,0.02674727255052981
358,0.0024845579191531183,0.038171568719988516,0.0006533381198790506,0.0036929778954601887,0.0008713656730518552,0.03637661688458168,0.0003480939742063572,0.006164551589229644,0.00011040979172281039,0.004692967271046396,0.5857793787487969,0.23859077438883539,0.010534848227367083,0.017991289621174206,0.021572934068006422,0.03196433500791865
359,0.0020796321037536095,0.008004158841193652,0.0013172516583639599,7.724960815206933e-05,6.083168535141867e-05,0.005553248050453086,2.7132265871032235e-05,0.8783914019345526,5.598960657156496e-06,0.00011559585537054931,0.05654879952775004,0.027708319651757286,0.00020208742234199267,0.010520093766864217,0.0024931155825798842,0.006895467492216336
360,0.003848362409047889,0.017004841983879308,0.0020217073813282556,0.0004936047259867498,0.0008762900303589134,0.006473742475767716,7.2159973429848e-05,0.6673007049566891,3.7561907997690086e-05,0.00019707516284140869,0.19846523292950916,0.08212146931472833,0.0023044700774138933,0.004249629738249641,0.002326486866410278,0.012206620428186482
361,0.1636454840639076,0.05280078220773821,0.012900466328388758,0.0031154391289016366,0.0006834969098925043,0.07115960072377286,0.0019767546808785374,0.02931173211453321,2.616508085663084e-05,0.004501691840987025,0.047746334368623675,0.14898163100096248,0.022662064302983637,0.19253277684215592,0.030758829667333978,0.21719676213666989
362,0.005917559907766598,0.020883140464222523,0.00036891519234509546,0.0005465627208996343,0.00023062123680981029,0.0883847487143638,0.0007719383006179423,0.03138847784215592,0.0011118493813282004,0.0016526213565146713,0.13404530423060634,0.07686337512000001,0.00767669544528793,0.572868241068335,0.02808879474212974,0.029201131166891242
363,0.010442713754810396,0.12055386325697787,0.0009302939672845581,0.26118786427548485,0.0027170755813305104,0.09980292712608278,0.0006658048289103695,0.02664974437104909,4.9568421076574166e-05,0.07594150270941982,0.012032498381656207,0.062287191190991346,0.014467950284119346,0.2910043626361887,0.0012789955593018947,0.019987681183242505
364,0.03621052654482738,0.04310633235944562,0.019106070146809623,0.0024814507092512034,0.0007835172112706125,0.12764025288653075,0.0017326128447672149,0.3269662873724736,3.454861117824832e-06,0.0051304257759846005,0.19172356292589027,0.020169370825787302,0.006313837839424833,0.06779125594802696,0.05139780496441041,0.09944324064874428
365,4.472911114533236e-05,4.2880922818422666e-05,0.00014514734355906296,9.803701980750722e-06,6.497051434071297e-05,0.0006210248453214076,0.982857398267565,5.326385535717334e-05,7.409747956804619e-07,0.015801087484712893,6.739254731663982e-06,7.610948252165544e-06,0.0002639792861410481,5.557540420629123e-06,5.839208760346848e-05,1.6746996646944978e-05
366,0.022970090468286356,0.02927023223854476,0.023577120450433586,0.0018317135416747177,0.006340821678669577,0.09573581359036153,0.05525616183642003,0.007647786968238691,5.02922244773821e-05,0.09135928198859371,0.04050559833701636,0.3676993757266603,0.06259255553442926,0.0535538094371511,0.06877952604698896,0.07282986017786335
367,5.32939903772868e-05,0.010081168465711799,0.0007733810630413891,0.0008434245932364769,0.000958829594520857,0.00431157333460924,0.00018503436254090928,0.014137151700126232,4.3422159399233876e-05,0.004777342167949968,0.17152080959399418,0.0024255310878244043,0.7608033305101058,0.023263273480269492,0.0007132753453188368,0.005109147914470499
368,0.00011534692371222581,0.07878418922394663,0.0009121990924354907,0.028224329149680042,8.207125189605403e-05,0.08228376701574591,0.00013666034279792618,0.012054468705974961,0.0019857661501443695,9.613608017337884e-05,0.03974203430566314,0.13155745585887124,0.0006247897222291997,0.622535453628489,0.00019193966771067087,0.0006734437119533474
369,0.09991874328900867,0.028577996508558003,0.0013608217664915665,0.04522117847175603,0.08877959683880655,0.06500798953091426,0.0485411531299348,0.01831794317653744,0.00021441152379210788,0.01973830656650702,0.003293729474495138,0.02679449833458787,0.019488170758024257,0.04568387508931666,0.020567577080673572,0.4684940650433109
370,0.0009177027403079885,0.008189437070067447,0.004815254416755418,0.0002322902707449471,0.0001464543747834467,0.011849905072685404,0.0005297902513027264,0.008450727770934576,3.2765078297093365e-06,0.001213625511164595,0.0018489781685081849,0.004489765529901837,0.001686662882204283,0.0030735562192596697,0.9483404186717999,0.004212181066833494
371,0.0003875883686622279,0.004007977724134233,0.002277618811357075,0.0008326904702164765,0.0008913633064252535,0.026969406834291453,0.00025537241571794284,0.004526155814090603,0.002034400034540925,0.0010821546667460816,0.05315651426571703,0.8904780983638113,0.006444017240655767,0.004624113944261789,0.00015602722344294903,0.0018765615701723563
372,3.905866547939943e-05,0.0005687134420596727,3.6204189759384075e-07,0.001248218510587103,0.002371652216361887,1.042502538108566e-05,8.304260234564004e-05,6.65848818601178e-05,0.9870438136669873,1.3387162715110684e-06,0.0013097596227141482,0.005223573515226179,0.0007311438401578442,0.0004892041308438884,0.00016419192201447435,0.0006489151677285852
373,0.4900208033782484,0.017873188880654478,0.010374968756496633,0.007930004943907604,0.002781229390464678,0.007323377574547196,0.000619326153088518,0.05296750220327237,1.618511116458133e-05,0.0037987693865588453,0.07459283703695316,0.028874711615684317,0.018166575092696053,0.038976236950914345,0.036101736904994804,0.2095825810587103
374,0.0011398418382276103,0.01875733034374976,0.0010498825835752064,0.004255625610749925,0.0004970411857806352,0.002148988157212481,0.00039641576910494694,0.016406137813499137,0.0029173025655822925,4.213229772915376e-05,0.00642305327143715,0.9308698871992299,0.00013259206258422942,0.010314630965751493,0.0007330454026040319,0.003916092849345892
375,0.020937723112701097,0.07626394700758422,0.008927527449494661,0.0012292614114647845,0.000450206348606345,0.06872999160159383,0.0010231177840980992,0.37480518353224257,8.466932595765197e-05,0.004764580990243388,0.11553775978652552,0.048280865532912415,0.012662817793242211,0.17302175505486045,0.020832384648864624,0.07244825624386526
376,0.00433636759019799,0.004555715986341176,0.003804336324157844,0.00019793104589797884,0.0016019599085746294,0.04249338894821944,0.0028429451191068333,0.0010946924140508183,0.5305446391145333,0.004293895887895361,0.07027557632507889,0.040755024425601534,0.1194733961429544,0.15632350148219443,0.011551227545757152,0.005855398067218479
377,0.009298532679499627,0.013898762994998148,0.033508320041191815,0.0023375043470644855,0.0009933087859543743,0.02749267991550337,0.006540258923486431,0.04290757341577224,4.4465794160384984e-05,0.07192345213052276,0.003995554604520393,0.007325015103177624,0.011389821219063916,0.008364525564964774,0.7427120383349375,0.017268161692239
378,0.0012609459765235828,0.0429707798004922,0.04609816871956959,0.04865733838653013,0.0016577146847908202,0.014263494318875842,0.0002939399372395134,0.00893932516886768,0.0008203677938402313,0.00022569011751688274,0.03959227755187539,0.018099454878729545,0.019248427250517806,0.7382839480654476,0.0017196211801734954,0.01786854372997636
379,0.004624108207609748,0.1577327375842156,0.009370142340506949,0.0003932349519538017,0.00201506207545948,0.08813065896053898,0.004384813408585179,0.0166734088160924,0.0002385180714359045,0.0015603227694919385,0.2875445935514918,0.10672428970915111,0.015332139517543792,0.2698886169104909,0.0025717804302521656,0.03281552388180944
380,0.055069220557899104,0.03692372514918191,0.0002784357122617902,0.13610070154556075,0.0008124051373174207,0.0006026933427765937,7.579336020679116e-05,0.0012396792407545717,1.2740019161693936e-05,0.0026677374680892487,0.004891950332389921,0.08012085256414714,0.00021356215885043315,0.6166927956689124,0.0001134018807276073,0.06418434615167738
381,1.422940935037739e-05,0.12204110981405197,0.00016410221532024526,0.00023198070268527432,0.000724883819723299,0.007714288401443697,0.0002162642229342828,0.005910758064369586,0.0002822128828662253,0.00010703197288496324,0.04232074947141483,0.40341270014233693,0.04569325681573051,0.3707855297228104,1.249157917065563e-06,0.00037962522810394613
382,0.001069677633667623,0.0005526730641658402,1.76261658560154e-07,2.888296255221691e-05,0.0047028008419338595,0.00391031597878129,0.008230463622235106,0.00016625745575448174,2.998973177844263e-05,0.977444792589028,0.0003250734583123756,0.0006363152139161666,0.0003372238036065448,0.0010865743169507869,0.0008052682592088687,0.0006735188303664057
383,2.7469084463907606e-07,0.00011721478839788258,6.523626611305871e-11,0.0016362686757459095,0.9637315461982675,6.535678288364778e-05,7.46006718883542e-05,8.170819282659096e-08,9.633459279610343e-05,9.53066666506256e-06,4.820697357921078e-06,7.03038660057748e-05,0.03355623690450433,0.0006328928051780558,3.83385128719923e-07,4.165834205659288e-06
384,2.074596447913509e-05,0.032804703811032766,0.0007624458556165486,0.005749044864972858,0.0006525524580723928,0.07564877130702598,0.0008076321832194845,0.012156837023918383,0.016917341305293584,0.0008707179450631139,0.5658701614918191,0.12498312068712225,0.0026684376141670936,0.15950091712692976,8.584918461607701e-05,0.0005007141388413409
385,0.34749950088496534,0.004222600309511762,0.00046958208945010896,0.0047911116120285605,0.004591706832545541,0.02653744335822907,0.0008384443352229897,0.015294703103946101,3.304393328200193e-05,0.004238475550743484,0.004100235609247354,0.0037835710659865256,0.020353654164074687,0.29145712395572665,0.0701457258348412,0.20164303292589028
386,0.0011621002628489075,0.24594806992492788,0.12640986529516843,5.623358008645688e-05,0.0005817401661640507,0.10722070848068929,0.0023257558605131934,0.011786444187899519,0.0006938126803079885,0.00018022522802613555,0.057457404430221376,0.4104693030317613,0.0011710164485642684,0.013848373465455246,0.01263665701155281,0.008052249389089586
387,1.2190347121662002e-06,0.2638885053705486,0.0020306108796827415,0.0008875277783445621,0.00026155170691126087,0.048223904666025025,0.00036310567784408085,0.048372484431568816,0.00011460268798845047,0.00037113721620789225,0.3837221100673725,0.08847460663214629,0.008813267336912416,0.15435264158517809,6.136527241279723e-05,6.134500712846968e-05
388,0.011268826435033831,0.09958598820092272,0.0010063136867180008,0.0004329945496767421,0.0013894898294057043,0.020976753671406598,0.0012672200919261274,0.6683202737439847,2.0485684741097208e-06,0.0009057852222336331,0.04397541617790975,0.03920515521710794,0.0015592250552092846,0.03047556330639846,0.03540183723261678,0.04422713974048758
389,7.374725901828681e-05,0.00014997834051973052,0.9542650028873917,4.449579451876822e-06,0.00034914331183837186,0.0033982796835418704,0.0006988348383060636,1.2142179568816605e-05,0.028856255018286817,0.0012696004745717036,0.0020227088569781063,0.002777993746718323,0.0045155272267565225,0.0004374993597690773,0.0007725291459095285,0.00039634124061597694
390,0.0014310196370125668,0.005817023298484922,0.0007686528780860623,0.0021915031443695975,0.001923267778124844,0.04110258947064485,0.001947987835086936,0.01565811769008662,9.38325551041386e-06,0.019863604393565045,0.6272541726275266,0.01766474024272345,0.009995684429205776,0.23498456170356113,0.000833783986066795,0.018553911213730127
391,0.0004810495547101505,0.0928407524799153,0.03547195427569954,0.0034095706465659286,0.0002926548161935384,0.02344611288466449,0.002690303624070739,0.00834336263518768,0.0001253349883426372,0.00015287661556516734,0.016982639723047546,0.2025671274499219,0.0009635026811385017,0.6100332195957652,0.0005175360529995547,0.0016820150443287777
392,0.0016577336143510696,0.005062498972650625,0.000926064444947111,3.7804453036844204e-05,0.001139434529271138,0.020393073554816947,0.9447293914918192,0.00040356539280923966,7.207443007797833e-06,0.017648756910630146,6.3855379243906e-05,0.0003320789804257933,0.0016574602347357074,0.0005726996340330318,0.0020043460224170064,0.0033640228605074114
393,2.795742568132435e-05,0.0005924866960540687,9.946678838985542e-07,0.0003073823324708627,0.9369668172281039,6.991508940983341e-06,4.8682948420019257e-05,0.00014025261283494262,1.0489747882647315e-06,0.0615713001995735,2.556674466368964e-06,2.6454288570803352e-05,3.35313296881617e-05,0.00025953558681424447,1.3227897117257786e-05,7.652885156304139e-07
394,0.10175596419387874,0.056560854263726666,0.004376332454487007,0.0004409427817166876,0.0016134410919037537,0.019638884177478347,0.0009926248551615014,0.4287960613763235,4.624134338517808e-05,0.004121574588893573,0.10854959536669874,0.17248565049124157,0.005152624641128855,0.03164256899846006,0.0045033964707910405,0.0593233079441771
395,0.0002448619564966314,0.00010986905399422522,1.6959409715399423e-05,6.22434578055823e-06,0.00012590090252184423,0.0001857445017228104,0.00030915020217517326,9.716911899903754e-05,4.957669288585178e-06,0.9949824737247354,0.0016544901441770934,3.784390479499519e-05,0.001446827375399423,0.00027408633340712227,0.00033215085828681426,0.00017137221935514916
396,1.402058642634195e-05,0.0007236393105777708,0.0009075648764527123,4.2139944500481235e-05,0.007251712350354572,0.0023705570476920115,0.00045028329286467755,0.00024157049498171323,0.8959960206159769,0.005574265422040424,0.004239653008623678,0.009202615148111647,0.062175418379210784,0.0021463485515880658,0.0003534086014052459,0.008310753025817134
397,0.09193815812562635,0.020999403509558028,0.1908198651093898,0.0012502670768345717,0.000560912021070035,0.04210260816065833,0.003147516571916096,0.0002568370088334937,0.00016345712930784106,0.0064642869025986534,0.04517064553320501,0.013295512080461983,0.053622595840615975,0.012781602081616938,0.06802802724797691,0.4493983164581329
398,0.0024629106912701215,0.0554350557869875,0.0003077145720461985,0.0007045199800835101,0.00027466816231473315,0.014416119087032919,9.156207001926623e-05,0.6146573792107796,3.131133626564005e-05,0.000271765859263826,0.0797894900460562,0.16215881851039854,0.0002646175991621944,0.029704795069759385,0.03476293026878907,0.004666349771569586
399,0.04719795974712593,0.014860795415639037,0.0009840360444166964,0.0001086471365263658,0.0001322303244165941,0.007099169093356835,0.00012088806996519458,0.004450930211657363,6.0944539530317624e-05,0.0009296108600923804,0.020617950419844464,0.3034699203088354,0.0003118956057678232,0.0038330366810009624,0.0006324585574259866,0.5951894764388836
400,1.5144895401203835e-06,0.00010890622839379532,7.353082901597498e-08,0.008240809812710503,0.948200152935515,0.00013836231192989614,4.0110395120393076e-05,8.684976004109925e-05,8.37597996627241e-05,0.0333087007180181,0.0008709731824447632,0.0005193972501840233,0.005919476915784817,0.002454352300096247,1.0288384487416894e-05,1.6287534199202104e-05
401,2.3908816025025413e-05,5.6232965590084784e-05,0.0002210892835020923,1.9168458130059676e-05,6.283354442093127e-05,0.0033963013723450806,0.9852504820981712,1.0237048693223609e-05,1.6719860761270453e-07,0.010151117316780001,1.0881084785706323e-05,4.691074300481233e-06,0.0006957854587159596,4.2265385579876405e-06,5.083085142111163e-05,4.202202935442429e-05
402,0.0012220916376323447,0.0052329731705123336,1.5241889111468817e-07,0.9918458101828682,4.2079789489957345e-05,2.3185814468759637e-06,9.522130269297401e-08,4.010624307047793e-06,2.590820725582291e-05,2.9424345931126084e-06,6.244152719595766e-05,0.0011811691639461894,1.3439204774693566e-05,0.00033538153039283273,1.609516316650641e-10,2.9178070469725532e-05
403,0.03971675868335434,0.004412704134744947,0.0068742151409940215,0.0006819032705888971,0.03762148429083008,0.02513338616940119,0.545554545558229,0.0001257712278667696,0.0032383536188824295,0.0672245266917297,0.013004849111503654,0.10030139931767394,0.02907576187356674,0.005227220535239949,0.11487250741109666,0.006934622229066447
404,0.07056378063522738,0.031333797158072,0.00045022504418348815,0.003859068299999765,0.00015933093182343412,0.01299521109824033,7.83435201449579e-05,0.6275133454186719,6.615432655899904e-05,0.00033625935620819564,0.029932351561562473,0.1957561800557607,0.0010307354817942031,0.01748386345680077,0.001132842600632011,0.007308480653065233
405,7.152418694321464e-05,8.991621539979273e-06,5.763503100404236e-08,0.0019695346267564967,0.9799886019249278,0.00013751570171365656,0.010548522821161503,5.707368369586141e-07,0.0009747063071780559,0.00030216118920115546,0.00021414588674658225,0.005141730736284889,0.00023556472623291626,0.0002528182732435037,1.7650469725697785e-06,0.0001518117677382098
406,0.08981781469177433,0.013776056402117421,0.00407542498856675,0.0009287373217272671,0.007164643467088385,0.20522126799037538,0.13134116829883685,0.0020696206688739175,0.010601065185405243,0.016333701321992886,0.007565968801924927,0.4134119559287778,0.040016649179133786,0.028573470443056786,0.008125599091156064,0.020976819689486045
407,0.00035524764588892047,0.00030642955012177305,0.0001268800132858886,0.9961140356111646,5.129175173830366e-05,0.00015344754100550572,3.486287287066994e-05,0.0001367194297568834,6.852873058429259e-06,0.0005082150551482483,0.00021451785984519974,0.0001634175032098296,0.0005068890626279786,0.000755999487491257,0.0002328371593383638,0.00033237997344827993
408,0.009965500579405867,0.034683865437921194,4.221598574783446e-05,0.004156910990183808,0.0013204433267651446,0.02027033966741637,0.0005187518879798972,0.007024044507079901,0.0007382058999037536,0.004359570908245146,0.04107403526024531,0.14508094123179185,0.03983775187476838,0.04201160908128585,0.6088192278248317,0.040096588215619976
409,0.002709599837151107,0.001963256289701636,0.9130525415784407,0.0002734113446003905,0.000357209605582291,0.02318412433570743,0.004838217766775746,3.7322524001924926e-05,0.00016055324535129933,0.031174724873532268,0.002021354386718109,0.0018557439617324484,0.011913279522617903,0.00046029643514213723,0.0006158594823869105,0.005382515810587107
410,0.041790508749759585,0.015437414843092318,0.01668781702406175,0.00039458824331088215,0.001644502279629284,0.06916864689013309,0.005685191242941879,0.031699126898648705,4.412330191530318e-05,0.04506184064691106,0.5877941244465833,0.027310034237039864,0.025394886504804117,0.004605590642902791,0.015060903465424139,0.11222067920835418
411,0.02308345116398076,0.09958950916265641,0.047089781681770936,0.00048100366748975534,0.0029391670690471607,0.33450573459095284,0.10366417522232917,0.010405141923002887,8.28561002887392e-06,0.005879652675842156,0.00661961067651973,0.07320105067025987,0.002869801526044273,0.07367043054821945,0.17282213823891265,0.043171076719923006
412,6.743260463907603e-05,8.337918331472572e-05,0.9919241153224256,2.2886769831568817e-05,8.687448320500481e-05,0.0007056179833686237,0.00013418196508180942,2.4916619717035613e-05,0.003100028824446584,0.00023460990317613088,0.0007442204367083736,0.0016008045480993267,0.00039365860128970164,0.00017311607352069316,0.0005213563715110683,0.00018277832382098172
413,9.932740845726806e-05,0.0005867658164960956,0.0007313788846312247,7.979424751414822e-05,0.0006743749816657106,0.006414476258263715,0.7202897011645814,0.0006551647944177094,9.944060689547643e-06,0.21104015732707604,0.003133967948642927,0.0005534879185920571,0.04587069812691947,0.008048769988173244,0.0009205591784619827,0.0008913704356485236
414,0.00042963390582358624,0.0004122039798130666,5.49995640018045e-05,0.0002927864428291834,0.003077785968705665,0.0007562453004063752,0.009644069955178287,2.8244359751060636e-05,9.490992069297402e-07,0.98278569307026,0.00018153798992238002,0.000537353246476127,0.0004959744747126961,8.759673275433225e-05,0.0006460944006634116,0.0005688657506660525
415,0.006684077049909382,0.026877282775168012,0.26532445925185183,0.00017578209937261369,0.001486859523447546,0.05981123272997575,0.002704508362679039,6.99627735016362e-05,0.030558978204081228,0.00477721295528988,0.011202070338787297,0.017323876048123195,0.017842419180257942,0.33211310194513954,0.007834307544943216,0.21521385438883542
416,0.003314165676045758,0.002558321391902666,5.5388709244570143e-05,0.7284802210202118,7.638757406162865e-05,0.0031200354043370926,6.957271767472191e-05,0.00026338732571667083,0.053419885120344054,4.84921307101705e-05,0.007524784150195533,0.19607489274325712,0.0007604702994300195,0.002037574028124254,0.0005512373600102252,0.0016451925022790438
417,0.00048665098931717103,0.35388986410009626,0.0022379689111562354,0.00014944771718001867,0.002506003103159268,0.01676988735474487,0.0030765993588873918,0.21167003482252167,5.190433040038498e-05,0.0015541108706106864,0.05822172239810587,0.026049330337254744,0.07137430383180751,0.14217878854475458,0.08576492136461976,0.024018454997151106
418,0.01354011827526468,0.03325317726612034,0.00030335326475627644,0.0005967156817709404,0.0005319238251716166,0.00817542822043756,0.011209364038498969,0.0034712998516310605,4.988839180365737e-05,0.0002692617510225876,0.02853435229507048,0.8712985995187681,0.0004995960496631417,0.00660061717979874,0.0013487566943214647,0.020317564773971147
419,8.618547339927158e-06,0.00010117086598383138,5.996907593301252e-08,3.945855518124998e-05,0.00020555908385258903,2.7792146293359e-05,8.140388307954057e-05,0.00015981947761429656,0.9944883642925892,9.707897257940334e-07,0.0017797670822717044,0.0020243814728166747,0.0009858633457855632,3.979043212126006e-05,2.1218019185111148e-07,5.6735855760349e-05
420,3.1509629649367584e-05,0.19731863765197305,0.0012507915554979723,0.07279798523869103,0.0008123947706193753,0.02631347626694899,7.803173178839518e-05,0.04117097172319538,0.01175760818633301,0.0007485329825602843,0.16272062636073148,0.0872275757814283,0.005285620157234842,0.3918619981135708,0.0003587501359555065,0.00026549280135738213
421,1.138398966987488e-05,4.468269056881617e-06,2.148311205274303e-06,3.2159753719923e-05,0.0004974870209624639,0.00016565032303368624,2.3152782467641964e-05,2.0823779024904717e-06,0.998246299470645,0.00044688694109636194,0.00011283960981713186,0.00011596147556188644,0.00010885856379441772,0.00019393488190567855,3.4214391437728586e-05,2.4774480134814745e-06
422,0.0030374522194417768,0.003428739931402302,0.0013511272878538052,0.0001369132838113572,0.00010823865139571419,0.00917347503636594,0.00010560313201155028,0.8950529706448509,2.097275890302214e-05,0.0001797009353416806,0.04140157251009828,0.04064543954645323,0.0005973359136681759,0.0011226432791043089,0.0006780313085659939,0.002959766417485458
423,0.012326525615149882,0.04933322997008662,0.09381420485563043,0.0035827940565147484,0.0004511284287314649,0.021948755013204313,0.00021231341693120305,0.058564210259095285,9.153472464831571e-05,0.0026046222690162915,0.09182639338075423,0.02059973883323588,0.008071346991990514,0.5808022900769971,0.029619118944835515,0.026151813963041382
424,0.0059165801073586145,0.02183824665131264,0.001004385745669242,0.0007421505400370439,0.00036870856635818673,0.029802881803718193,9.485850510926045e-05,0.3138511987439846,0.0014432048267509837,0.0001543290886083287,0.19652793005774785,0.25207084708989413,0.004206138950956575,0.10587911983541867,0.020720367858263714,0.045379023388257944
425,0.003151120752300289,0.00016021809438190572,0.9542921599615015,0.0007899969718714859,0.0008294914003617255,0.001552500184947883,0.0002831115624851569,0.0005965678549622865,0.007200210748412092,0.001092879413687753,0.004729601272746728,0.007732443369055573,0.005917862702632912,0.0015232461557878449,0.00555773515784528,0.0045908417114244125
426,2.6819016675265065e-07,1.6618969658979788e-06,3.1091373746844664e-09,1.4295067198940212e-05,0.9948011657362849,1.3328699460174637e-05,7.384641935307026e-05,1.1837440106372356e-06,2.2908899391326275e-08,0.0048899414653282,1.2031302350627525e-07,1.281323084753229e-05,0.00011745043583907605,7.38963359249278e-05,8.058593544171396e-09,4.5933800488931665e-08
427,0.4994015245343446,0.014445795307603466,0.0012648191670144371,0.006479578852165544,0.006588334154784216,0.01611124415940789,0.004395516586204228,0.007804855170741098,1.6762865076035118e-05,0.024785686457875346,0.0013639362373820982,0.026474938309913376,0.00655086933628489,0.3512760347266603,0.0049962417813709335,0.028043887057555342
428,0.0003524079854668001,0.01575348532370849,0.00010667613462845883,0.0007710791714860697,7.653809637354794e-05,0.005116586436198037,5.0849262135890796e-06,0.05357348272149374,3.3287895105678535e-06,2.38367084348365e-05,0.018833127382868145,0.900706032001925,1.0878661406898254e-05,0.0038335570034648703,0.00021391689439965897,0.000620012594800385
429,1.4048967386910492e-05,4.19503277093383e-05,4.1922367026756903e-05,3.059619934359962e-06,5.52960264773821e-05,0.0008728509302586027,0.9895245930702601,0.0002526833450539224,3.7597320871611165e-06,0.008691401463023392,2.9652663650180932e-05,5.080245294513956e-06,0.00014055005612215876,1.8720531587940046e-05,0.00028134910625601545,2.311527504086564e-05
430,7.706208826020363e-05,0.005074255746111768,0.01107847285164389,0.014299428018409626,0.00030834689054671724,0.010357080784398846,0.00011860209948733264,0.23483183033532243,2.5295395213974978e-05,0.00466791589167625,0.6985621656111647,0.0035563811203531614,0.00767415785980736,0.009062398033954188,4.785992314785603e-05,0.00025876010413777785
431,0.021315796152148497,0.02024219754487158,0.0005053034007776708,0.0006646493358999038,0.0016716370388400986,0.010012581562277417,0.0005788651093648606,0.7835005028681425,4.576016137247353e-06,0.012572950726350722,0.017361340433387204,0.022607347751873993,0.02914549386254011,0.012199060391668914,0.007246796067790152,0.06037089896708107
432,0.30890493131934554,0.047841353336284885,0.0003500726579032328,0.000647070079896503,0.021457761465062564,0.004486136722425409,0.0009011646566871764,0.006964131405582291,0.0003588145644666025,8.529408400803397e-05,0.005698894973320501,0.1594804192666025,0.002412250584551992,0.008714840483541866,0.0003814326047368624,0.4313155028681425
433,0.0041936159018286815,0.021061536274302215,0.0016330232887391723,0.0003345444761116458,0.00034937883984600585,0.01053955571029872,0.0004307553188257983,0.005652907810440078,4.311082766506256e-06,0.0038255102240616025,0.0040157993434071435,0.005541998240615977,0.004339108836387949,0.03371311953610055,0.8820334392685275,0.022331403430221664
434,0.001755939947335669,0.00020104131545717037,3.8456351391799805e-05,4.127608706448508e-05,0.011528061886429885,0.00026656673179980753,0.012914571456207894,1.3516419537054876e-05,1.2311691632431186e-06,0.9713913595765161,0.00016560680246704545,0.0005845406976716321,0.00043715184716073153,0.00020866307526467762,0.00026776733200192495,0.00018422649265848083
435,0.0008787051225209276,0.013628437892474447,4.055145895957667e-06,0.7042364258999039,0.012756309795103678,0.004278309259306319,8.635839804333633e-05,0.03478699647081263,0.0002006338591819296,0.0005613147326275283,0.09165394500724655,0.04502740646082772,0.002794021714071374,0.08830855908373436,4.9695478405438675e-05,0.0007487630435519318
436,0.15065764839268528,0.02016692804138702,0.007884759820019797,0.0017500729515956893,0.0042225177595506804,0.04145788988979584,0.523091375120308,0.0019250594309472109,0.00017756249639653513,0.054764941851144805,0.005557167004332789,0.011989575724804434,0.029648155054428475,0.009327237092136115,0.02757286124067448,0.10980627502434777
437,0.007937854534109074,0.006634948383530626,0.5887444509720886,0.004007158905718619,0.0031703871367661216,0.02897358827526468,0.009014079533705487,0.011308236561116458,7.741508361886429e-05,0.06997713030984255,0.01761329655287777,0.007998949263291628,0.06070250453474496,0.07598039330317614,0.06534153217840231,0.04251809375553417
438,0.018334944227830538,0.0057539283284889315,1.4322098311132233e-05,0.010236785368469682,0.003949938986001079,0.37398259678537055,0.0011031565586833495,0.01711495209143407,0.0046584697938629035,0.0002996363446036574,0.033046589195649664,0.27457654526467756,0.0033113505961116464,0.24200918607892208,0.0004283845973258929,0.011179209692781522
439,0.01241640118195115,0.0021784831562717323,0.012288023782298365,0.014154927382684581,0.004343307556585021,0.016914902697221946,0.0022905088770491626,0.000244730323545717,3.3250208691049097e-05,0.10270636011081734,0.0026760016037181904,0.00022130124693635575,0.6374495399422523,0.1661036273416747,0.01188696271005644,0.014091688680923965
440,9.511955053137249e-05,0.00025937864851264554,1.1848834848388077e-07,0.0003734784859945987,0.952672270510106,0.0002016603857255235,7.94080990341034e-05,2.713963038236161e-06,5.048839667403272e-06,0.04340468824977864,1.710007522030242e-05,0.000828717832979736,0.0017784723033493746,0.00023760859282742486,4.173537008315688e-06,4.0085574341676276e-05
441,0.3207711480751422,0.021420789914151046,0.001475806433301283,0.0013773813075134145,0.015808496289766057,0.016137419489266214,0.00652249537843466,0.003082339405137068,0.0007252163402887392,0.012035715448212685,0.008694238843143895,0.02085446731630414,0.02403172705243787,0.06207724198808086,0.006561570934640567,0.4784239084985563
442,0.004082534974895716,0.06628589167160731,0.0002751485910440992,0.0026195972081231957,0.00021290172295211163,0.0051903727000284896,0.00047749222157784016,0.02866998571170741,5.194022903561116e-05,9.82561636580299e-05,0.010769133717736286,0.8471429033686237,0.00010976859738083399,0.026325454190567855,0.00010354885958024485,0.007585070176377362
443,0.00278689410606353,0.17352464955007038,0.0074765702281132254,0.0013857673634637847,0.00018182657457307608,0.07950406379056785,0.00021069112249158642,0.007189766479980751,0.0005369024382098172,0.0013978421927836344,0.14532143933056332,0.013999507668919421,0.007189102903384438,0.519794492319538,0.021712705794847936,0.017787843635755137
444,9.312956298377583e-05,0.00024875842827753943,0.0002481241243321976,0.00016109171139567688,0.0003192456300264354,0.030000187884195156,0.7380399583349375,9.674520502992886e-05,0.00028140058205585833,0.21036967810189386,0.0009465843075281533,0.002556851394802702,0.008464264187705422,0.0004012662787271577,0.006815111875313953,0.0009575972288787788
445,0.0028753224958691197,0.0003654702621613384,6.112451531087652e-05,0.00018634620381147732,0.0034286664437608166,0.0024034576850290004,0.0044353111628968375,1.8323835017710203e-05,4.272326226871992e-06,0.9767077439846007,0.0003406755328313109,0.0015042839176392685,0.0009707122849028496,0.004580778257577517,0.0009742218239750881,0.0011433224567590375
446,0.009965368767265401,0.015738543031879083,0.00030801583879920796,0.00024366829133300562,0.026124816106736615,0.8333316030798846,0.020416921170818093,0.0004188057244581328,0.0020764778774592183,0.003527106866228422,0.005724715233392763,0.006152628364880079,0.024818338086891243,0.04496038032300289,0.0005532527127281848,0.005639341468172474
447,0.00011477324203731317,0.3953906628488932,0.005391886156910872,0.21539946275135882,0.004274000016012164,0.024252829499518767,0.0017977824361424446,0.0168862409253513,0.0007291733865912359,0.0024341168487122234,0.182531717307026,0.06690542392685275,0.0025001694431159194,0.07000434831953802,0.0006193487436959483,0.010768075937439848
448,7.78821587411873e-07,6.058579571897158e-06,3.35994028734703e-08,6.36944630009627e-05,8.766420069459847e-05,1.703154240826937e-05,8.010491922756373e-05,8.121789410609938e-05,0.9988603480750722,4.426136390751338e-06,4.3627244381982676e-05,0.00016068461462715342,0.00010385948037946431,0.00025791592723785155,0.00023127179486548898,1.2422613244335045e-06
449,0.0003487269551538018,0.0007421517245341676,8.03196949404663e-06,0.0007317920612535131,0.9332422776708373,0.0001866628257313571,0.0011547754186366891,0.00078277603055633,0.00018987393524769436,0.058357989239654996,6.172884025409047e-06,0.0007976363207874969,0.00043301374731626567,0.0029208293156881616,3.427778877110298e-05,6.300237244435034e-05
450,0.16316604368227913,0.00418158526253259,0.0020441643724774536,0.0005942358101003245,0.001443363362164766,0.43571504926852744,0.06263759447498594,0.0022034468535822908,2.2121077911453324e-05,0.02405390856331088,0.0007389113408122428,0.00037362290482902415,0.15763588175168433,0.10356575343599615,0.007138792906580174,0.034485531521655434
451,0.0005014613657670839,0.0011193282995572793,0.000816471455919153,0.000987691609201155,0.0042510217362848966,0.0012491748522617974,0.016098026286831775,0.0001849336368168504,1.0878520512415787e-05,0.9660888389316651,0.00023845430159769013,0.0011422396092127885,0.00423282532073637,0.0004337835516710907,0.002570323180943215,7.450208526471784e-05
452,0.0019884874250240617,0.0017539306772858547,1.1079517488811834e-05,0.0003738432861308951,0.0009138116048602021,0.005119545825300125,0.015750782889308722,0.006428093533239419,2.660385227179981e-06,0.9577157026948989,0.0011427547182071085,0.0034769975448508193,0.0019078382119347929,0.0009502853177682919,0.0008689112338787331,0.0015952671364010062
453,0.0004822675007699715,0.07817470854764207,0.004360486692878028,0.0003482868271697509,0.0002375745369001779,0.03237800098583712,0.00033786792836299243,0.0016929532914710652,0.0003880714553994226,0.0008041815831570914,0.2383747861827027,0.0819539508597891,0.011204573867762021,0.5255127557940328,0.016942242195633766,0.006807303774890741
454,0.8188396512030799,0.002604636535090187,0.0001840356219732697,0.018809903132185158,0.0019277911365314913,0.0034934404197698404,0.00019974557389559116,0.002930296407391723,6.301899291626564e-05,0.0018818421885191759,0.0010123825545674172,0.00416806241243062,0.005076852998068913,0.018102004394040423,0.016205786231036613,0.10450062230856517
455,0.028889871990383224,0.053570550223470445,0.4655544928950915,0.0008191264946106172,0.0009418199934778518,0.036651130960574325,0.002393185125719592,0.08781469846861867,3.756261697016362e-06,0.01873057151175014,0.013681273074396408,0.009060163999807592,0.007977192424869682,0.011416956695533474,0.21557244451138052,0.046922747515337135
456,0.014790769863200617,0.37396291609239657,0.0017094898137718878,0.005122371599942252,0.0006691305858605619,0.004308406992548989,6.22243845468027e-05,0.08717298607699712,1.465369292165546e-05,0.001221145029192897,0.04644645970009625,0.35738496933274305,0.0005420706785690594,0.08128923676515881,0.0016360173276042216,0.02366717171823646
457,1.590225658325313e-06,1.5158093073707134e-05,1.3906432930836071e-06,1.2589991901782487e-06,0.017732330864901634,3.084419369619708e-05,0.0006924908438488163,4.3788826977890977e-07,3.1890040741097213e-09,0.9804306592492781,6.093697585709632e-06,1.9078785440042408e-05,1.0517883857563782e-05,2.3304271565471164e-06,0.0010549070844051974,8.855825063467595e-07
458,0.0022855173037536094,0.00018962164582290823,9.130797741713185e-06,0.9960979684311839,8.080940179980753e-06,2.2298068931682806e-05,1.1877408159961502e-05,8.338717334867768e-05,2.2189289422521653e-06,5.17101609147257e-05,6.101333631569914e-05,8.414616467757467e-05,0.0001485304831761309,0.000517501086179026,3.2705905293551494e-05,0.0003942620477717685
459,5.6207660800807694e-05,0.0020905290870177323,6.916174934552493e-07,0.013894865389879694,0.0004977210635191391,0.0022295226624261576,1.0493813452845813e-05,5.343607902906051e-05,3.367364298017325e-06,2.077661784896742e-06,0.0030345785855630416,0.9779394204619826,1.2592290925989083e-05,0.00016333247480307986,2.539551623682984e-07,1.0919349247039905e-05
460,0.0020537972668141016,0.028500120623682523,0.08854086456651838,0.000444490681634102,0.0001653294301733309,0.05226984078717783,0.0005939928142477095,0.0007970784412003849,0.000997636520904716,0.03363680567332597,0.031799154743498044,0.0062224910000012405,0.09592026498661789,0.6429391404042348,0.0042403527641017855,0.010878617123469492
461,0.00015139017342480942,0.004263257279373109,0.0024185712442650934,0.0005662957737896362,0.00015675190362209046,0.007821962599966814,4.255536584915033e-05,0.0290061173147257,0.0001900253160224074,0.0036841890540428883,0.42500424159961503,0.004642451344908566,0.5073965187333975,0.013234081562071223,0.00010351744169193061,0.001318077800665024
462,0.00018473763228968895,1.6315541908989415e-05,8.473917470423996e-07,0.002378452336335263,0.9013570356304139,3.702263871511069e-06,0.0005358078126641001,3.8470860673905676e-05,1.2727328570136669e-06,0.09248397567334367,5.164199066132743e-06,0.002936206337232104,7.434924482194417e-06,1.8274998996727625e-05,2.783990475938471e-05,4.469499450262037e-06
463,0.04754946675678357,0.09922510086356114,0.010548583773364466,0.0009613735790274358,0.0006002041703092704,0.006034663424587219,0.0035998032661951995,0.0006841740427372474,0.00010089173076034649,0.0011068591926004998,0.03353479152334448,0.19995636787302407,0.0021048197194414105,0.046616836082202885,0.009844539529634558,0.5375315104138595
464,0.009082827968053129,0.036605777049601544,0.006806149776277082,0.01331634975627803,0.0016743553529162656,0.008299233290319922,0.0009207352829715958,0.0004176774718768047,0.0007079072122232917,0.5869464635774783,0.022195910438194837,0.013661286576148027,0.08649474658173935,0.1425271341606006,0.0001851167339063049,0.07015832720115496
465,6.09794322902668e-08,1.9759144031592687e-06,2.330551767118603e-09,3.200481347624934e-06,1.183128446677094e-05,5.291063775287776e-06,3.697141446812672e-05,8.837429403186026e-07,0.9998236019441772,7.014266756155473e-06,2.444967482422288e-06,1.4474951922997195e-05,4.9229899196920115e-05,3.091178069117998e-05,1.202753988551304e-05,6.719837667972544e-08
466,0.0018608537921751909,0.017916357775267837,0.0006324444831569708,0.0014865178646678425,0.003675500546078693,0.008300856587815977,0.0017869474830776006,0.002745028413709886,0.03653282861405618,7.065903306982069e-05,0.01200982537574591,0.04464530147487969,0.8444056928585179,0.01772124065197305,5.433652859517746e-05,0.006155666959949953
467,2.3124359500602196e-06,1.342560269971243e-06,9.073738027918708e-07,0.0003778564418217521,5.46236500198719e-05,1.117488667102986e-06,3.776476070068017e-07,1.6741239288755343e-05,0.9991766010587103,1.5661489599220203e-07,4.111444233089509e-06,0.00010224791404723773,6.178991105500162e-05,0.00014509577049886453,5.2048334117544016e-05,2.7065525559853924e-06
468,0.019714590077670905,0.037695008696854444,1.032293471896054e-05,0.0020987694490864546,0.006094866680051473,0.022257866275951648,0.003976794234496737,0.00037653615710432875,0.08925776432237616,0.025247518476770293,0.024779183873008665,0.6369975508662177,0.006905476965766932,0.0918321697250206,0.0011413031253953417,0.03161424380013028
469,0.0011053414065450142,0.02275120524299121,6.078594e-06,3.348649544754572e-05,0.00016870492230726213,0.0022783890340924012,2.528792119345886e-05,0.002369365489669509,4.851155489509144e-06,0.00013641805010592128,0.011545169273475066,0.9535120077959577,3.3126362512032634e-05,0.003933749613826719,5.862948199230687e-05,0.0020382265540933777
470,0.03633068245416799,0.0024299377519725893,0.010557920185201158,0.002433803242637151,0.0053845791142614055,0.012486480098395883,0.01597395094792377,0.0005900896007763773,0.0003816629338787295,0.07892103492577401,0.009912060773800508,0.013826320986250473,0.007780038046629822,0.0071873669829528395,0.7785189602309914,0.01728510832608277
471,0.002358076932936285,0.3500758993570741,0.0075473950998520885,0.0002318822672427334,0.00018673895678340946,0.021937707937747835,0.00014093655051301422,0.011231479661212707,0.00021721162462290728,0.00017872206699347755,0.06733647884159384,0.1658328171626564,0.0022463782791077576,0.3519757192454283,0.0011368466761746121,0.01736569033012512
472,0.029872262229855954,0.014656210267857532,0.0036891457509167147,0.003722113752935515,0.0007921192173929454,0.009678958037431991,0.00040300906030844516,0.0008635388980671878,0.00035614111697786335,0.024742280790815793,0.11977583337932472,0.073374817442366,0.05218708569610979,0.00778665821362119,0.006743314641498967,0.6513565491145332
473,0.001105981919690087,0.5227906171126083,6.0883836901123936e-05,0.004687167323356993,0.00441959320906641,0.00413552624597225,7.491845083543253e-05,0.0035021894546679497,0.0001964066994225685,0.0037366889897978827,0.03255713332336247,0.2975620063761309,0.0019408175409910517,0.12201534244465832,5.050158545723412e-05,0.0011642363481139172
474,1.012097111647689e-06,1.5295804214148223e-05,0.004219463687159774,0.00020726498304037805,7.757863006470977e-06,1.8740007371126086e-05,6.093247463908266e-06,2.2956714372188716e-07,0.994892503869105,3.063074165861898e-06,7.993952638683358e-05,0.00040222614623685167,8.436889593031762e-05,2.822616650695351e-05,3.127462359964143e-05,2.569090088007855e-06
475,0.004344418937541383,0.02871339664927045,0.002150671234071439,0.0026005469878747265,0.00036284037518287675,0.05098450305697787,0.00012975330633240148,0.07481062623580366,6.0286786239846014e-05,0.00028384893766284283,0.09299577071453322,0.09526138043536872,0.00121997584814776,0.4372188262078922,0.00287122902067207,0.20599195056785372
476,5.816891001551233e-05,0.0002833661444212453,0.0009609929316942091,9.165351237481479e-05,0.00029163258196358464,0.0011668434530392607,0.00036161051318602525,0.00047984116729352805,0.9815462633782484,0.0009421568508107797,0.004359197559164822,0.0007355250396981713,0.0022842688545139556,0.00594228615973051,0.0004422106368912416,5.3929189488326476e-05
477,0.17551021115304966,0.021675004485662685,0.00010219213908565929,0.0018850498111645819,0.061250441489763295,0.029685486701997305,0.00602311628064027,0.11228684072053516,0.029455693285088534,0.004989507137233686,0.002207877178099875,0.046297280078033756,0.006054030053355427,0.002168982399734283,0.010893431297513134,0.48951480272377285
478,0.011596914592290546,0.004848902880792788,0.015569760682102023,0.0003874222121715385,0.0008705683630517576,0.14468822873994225,0.0013952315462967125,0.0032461932328723773,0.00939410335611168,0.0101081472,0.03155597376727623,0.18241303177932633,0.0588354141874612,0.07987344944850819,0.005540208098832724,0.4396764803849856
479,0.0028318818038718364,0.0030815525443779017,0.05803320685730592,0.00014507725863715113,0.00034558564987102985,0.36432173809432145,0.14281702529152185,0.000947680432319538,1.890539512030799e-05,0.019917511726047204,0.0021489816143330127,0.0004507234696592878,0.028798837169432146,0.2509631405537055,0.11519652441722426,0.009981605447545717
480,0.002234051051203099,0.0002965334625794164,0.0006410594622329164,0.00017574797497593839,0.0009631528087036943,0.0027439971973053003,0.00028218192944177257,0.00012405117528394192,3.055662110009625e-06,0.9833559724831571,0.00088887399641736,0.006139270056787499,0.0009273571715210612,0.00022610833881007427,0.00014306285087612163,0.0008555643910781918
481,0.00013021007019665065,0.0006021611309335901,1.0537341461918197e-05,0.00030971398087754806,0.0037637934565177907,0.009358135931780559,0.02043810914032724,0.0033563547674648705,1.1698322639364253e-05,0.8285134502406161,0.10171006263296632,0.0035492189654594804,0.021404949294802696,0.00636112499201155,8.952288832726792e-06,0.00047151228781520694
482,0.0002430579250336868,0.010724414985101646,0.00545989087004824,0.00027386374116907257,0.000346436091925699,0.006239330568710731,4.761045081414349e-05,0.01085227476059116,0.0008128497514071351,0.004422823200595093,0.3456026288396535,0.030645547171910648,0.24281287000962465,0.3337565961963427,9.64866738606052e-05,0.007663337290439089
483,0.004659239872955161,0.12870185782132326,0.006210489282964418,0.00018404064046230491,0.00017321761258907246,0.03142559291636096,0.0009562242656116188,0.007924687664083989,9.492501242078923e-05,0.0005641812362671178,0.11344063877352838,0.6784725542252167,0.003058725621959577,0.009565745820504332,0.008472393050482183,0.006095501128017537
484,0.030577105511462768,0.006770973815399165,0.01660939016710295,0.00018506802375361297,0.0014350752324943216,0.028856074303830612,0.013392746637305102,0.0004150247637959577,9.210660607507219e-06,0.1360549322909721,0.0007531744317899335,0.0007568159013759755,0.6851119754379211,0.004246635800962464,0.02358470629126468,0.05124113469489894
485,0.004175961129124184,0.005538326878960706,0.9218514517805583,0.0001251290226026768,0.00025618234322547217,0.011601804909485272,0.0005755214276442732,0.0007039697633178209,0.00043939908847230027,0.0014051080355257386,0.017693307730658678,0.011279227304504553,0.008809760887173461,0.00477380254058097,0.0023705697870444018,0.008400532367797182
486,0.02410678649415566,0.1315464308619827,0.01693540502211704,0.00048690290521655443,0.0007583524206321463,0.08479323361509143,0.0011711532587963271,0.008365270353994226,0.0004980743104908567,0.007900558243675842,0.12026273347449472,0.10574451958999039,0.1088331372666025,0.29566966809432155,0.005691229273217871,0.08723653684696824
487,0.4793782469297402,0.016848651118386914,0.002914314000038499,0.101249990533205,0.0014864569079461793,0.0434092952346353,0.002784673754365513,0.005842221900904716,0.00016922027335953177,0.00540504457226949,0.03237549639535631,0.03722829385563042,0.02408469818729702,0.10900681042252167,0.06164421257201802,0.07617233222329164
488,9.389152429592504e-06,0.0018227310416906771,3.770627863137633e-05,3.4390372354856015e-05,0.04767857459926083,0.12394276219056787,0.3013591557844081,0.339209152929898,6.618141869792107e-05,0.15352628261398651,0.0004409659110606352,9.328985802513115e-05,0.030592135410664106,0.000991344417673917,0.0001277498327051478,6.817638267266255e-05
489,0.06572525182920858,0.08520534809688393,0.0026747191042372845,0.002995118773917236,0.0014690711247857063,0.057455127696570345,0.01509347003678661,0.49363976069297405,4.097128099403303e-05,0.0035629081422521654,0.028600978135717197,0.1337872210028874,0.0032722391070648706,0.018844026090294515,0.012752600080808469,0.07488119340404235
490,0.0009073693801156149,0.00746901819642496,0.007742486767022138,0.0002697136798859645,0.0005861240830391406,0.0048395482140004475,0.0010985455093381123,0.024884316190040424,2.1602164186718e-05,0.007956261373004812,0.9018584541867181,0.007027317894379273,0.0071457403508870445,0.003326611434948697,0.016775542876039592,0.008091356269080885
491,3.273907296438962e-05,0.3655164356935515,0.0007797982598782256,0.08262854363245582,0.00016913778267207939,0.014061909524157845,8.084086434184101e-05,0.026023293082771896,0.0002193660693551492,7.934299996390802e-05,0.0937722711068335,0.04955778283772858,0.0006853175315106064,0.3655621257362849,0.000702972532850924,0.0001281399188288123
492,0.09403069319958422,0.02382050695153032,0.0009525926229928317,0.04378465035872185,0.009203691363732277,0.034634362475788265,0.006692721071075265,0.5344524306929741,0.0008378664216623992,0.014664999293519155,0.00416249789201155,0.0533659494422199,0.03022088876711607,0.041057832798878154,0.06768881933684642,0.04042948081447545
493,4.427118427377209e-05,0.005931320425306533,5.196137460057748e-05,0.0009305800251123313,0.0005631000345781424,0.00839547186352029,1.1554287893161475e-05,0.004649126475961129,0.0010192960741097219,1.676608109681491e-05,0.19946376868142446,0.772011027333975,0.004785700749879547,0.0017018007052165545,9.639741689714708e-06,0.0004145975151912455
494,5.92838692204058e-05,0.25160751564880846,0.011763535493628796,0.0006089854730752648,0.0003387888060784121,0.05471212920964156,0.0001293269088536957,0.001917429830102484,0.002921573030991409,0.0003787385786830089,0.18621179087562506,0.08768921776839578,0.006113462090522006,0.3915717855052936,0.00015648680036848092,0.0038199036227006085
495,0.001889404432723856,0.0017491843214252072,0.035232786814267635,6.17807994225217e-05,0.00015672382739852775,0.05767683141968749,0.0012846048018339894,0.0008045735336459981,1.0963660450048124e-05,0.007354558751784994,0.03286587651858956,0.0003536773677020698,0.037387314568571986,0.01160085204455515,0.7990669591337826,0.012503936450312992
496,0.008152420134744948,0.003958171715112227,0.015962141289710838,0.0007455240196361929,0.0011892697628771384,0.02096221457419716,0.0006789508110483118,0.008622996482141685,9.263727090086621e-05,0.02753378233349454,0.7909108459672763,0.026068830880560626,0.004471577310001365,0.01345953442316256,0.007483785144379304,0.06970730633988434
497,0.000274389532728621,0.1561261548129446,0.00015624779874219745,0.01568653522810441,0.0005808270456207893,0.027736932621045624,0.0001901230245493744,0.5284168653589991,0.002247294044177233,0.005317309647789135,0.09451563580493003,0.12930467805728585,0.0022512067137216906,0.03608871150344563,0.0006976079740134753,0.00040949342579451854
498,0.10379104401089162,0.019824907479363576,0.0011249580143444828,0.002294925460448893,0.018942935342756942,0.009247890269945278,0.0006126286122137019,0.12616038069596153,0.00019690398190567855,0.0029884437407690055,0.0282353852803133,0.0780428195813282,0.009437149310486448,0.029884624748180946,0.01131859790692767,0.5578963693551493
499,0.0028117877761613705,0.01299202224985178,0.0001655968331018287,0.00019749286232084696,7.224487750614676e-05,0.03528609423291627,6.327018764460513e-05,0.4496350382868143,3.621917803715115e-06,0.0001856714557136526,0.10198641196150145,0.3025171709720886,0.0002579244285890279,0.08416678705678537,0.0021427689974786134,0.007516121887827527
500,0.01092370001901875,0.002760727082771896,0.0004628437184000628,0.009438137969626547,0.640099437439846,0.00019955667574590957,0.0006314522231376324,0.0035492477399430193,2.461928148219442e-06,0.20251143402791394,0.0018035590879692013,0.1050056786910603,0.013781418474285063,0.00735875843337632,0.0005495444801924928,0.0009220182265640039
501,8.985204841616941e-05,3.5416818092974014e-05,0.9943819783349375,5.915074791984618e-06,4.758457228398304e-05,0.00015613581410356593,2.7923961838256052e-05,3.159433909543945e-05,0.00027000943727237736,5.0353243612440066e-05,0.0011766029103775215,0.0028818424613726973,5.530657913763265e-05,2.339186233471118e-05,0.00031645754633305835,0.00044964755963272906
502,0.0906233031463509,0.0729348447855438,0.01698645661235881,0.0011303297543792119,0.0032899696671533376,0.02782796867876281,0.003888255195529394,0.004525753739942252,1.139566214483157e-05,0.005355853290644085,0.006266862463571591,0.019880605616476834,0.005506548687758398,0.0033625869397536094,0.01255525752366157,0.7258539778825793
503,0.08593411959243674,0.015197210179911772,0.00043063185296994495,0.6037199938594804,0.02685399546127529,0.02886556374208915,0.008022291069310003,0.0003511694608284042,0.009756933419538743,0.030186710299760063,0.013855875050944664,0.00798733876223072,0.06487722714202117,0.06416533127384023,0.008835520457555375,0.030960129527978362
504,0.021878135630420164,0.03830867419548259,0.0048047196695979975,0.0005318589213807711,0.0017272033258525993,0.029062170538382677,0.0010996850517894874,0.05880342711514919,4.100734660250241e-05,0.02176615557259677,0.15869150412897018,0.062073738690503935,0.01507704998190568,0.3482648102983638,0.10819359866221367,0.12967623627526467
505,0.015697207507287377,0.014528324900386858,0.005223159845943822,0.1814590407227719,0.07478848418764196,0.00540090677521463,0.0007108447554185247,6.261394659671069e-05,0.010431860062311756,0.016300472656842434,0.1620705544725698,0.03768347571549567,0.3977559030221367,0.04019695462560154,0.00031249535522183175,0.037377711238691054
506,0.03520545789124162,0.04257292866453929,0.00168090586722573,0.0013122033195515968,0.000483756229464457,0.020643115183792107,0.003219793690592467,0.26962661682868144,3.143298969586141e-05,0.006908258575208008,0.0546044214928598,0.01684708573463677,0.0067148489533782494,0.10509210962463908,0.34136310095995,0.09369393814244466
507,0.05297228270585478,0.034982387008308684,0.018478442329342867,0.0037825754862709994,0.0016624776774009542,0.012949440020723003,0.000692791499626423,0.005964660995537247,1.9781858789220407e-05,0.014200033442933422,0.014472955472835343,0.010250063794313834,0.07332216175745909,0.4894962775072185,0.07263683276696824,0.19411686312993265
508,4.5966857174205964e-05,8.30457749971126e-05,0.9969690628681427,1.0088613274302214e-05,8.854104262752649e-06,0.00019588414252550527,2.377998730267565e-05,2.1024676784754575e-05,3.241831598460057e-05,3.241794841154957e-05,0.0007229784750721848,0.0009313764953301276,5.8531787064485084e-05,3.1310316616169416e-05,0.00016675244820404234,0.0006665424569855806
509,0.0022163684976953943,0.001638945702560154,0.005646156946467959,6.463570470592468e-05,0.0007080304554271416,0.047693720564011555,0.8003671420596727,0.006169668401154958,0.00027628665940365754,0.11823406669297402,0.0001132310841442926,0.004331419577785409,0.002514390958180559,0.0011093441074590954,0.0035419494479761314,0.005374639654860443
510,0.0015384265879383493,0.14838581737632342,0.0009178164857453644,0.0002796968442871992,0.004377825599121,0.011302019925616169,0.00040219474070105873,0.20710322128007702,5.504596465640074e-05,0.0013142724544110197,0.07151236985755535,0.44565763093359,0.00027237835037203156,0.09727855956111646,0.002306879249844244,0.007295835725312802
511,0.04561336914857577,0.003491729128759149,0.018481139731479496,0.02505511809248025,0.0007112807327587117,0.008039212556216495,0.00016001217978838298,0.48653762280076995,0.0009403670416746873,0.0011725435216857604,0.06583890774838962,0.25381656672721403,0.0021459548250340964,0.010598735186379743,0.027524639912602865,0.04987275940224062
512,0.07504148814667723,0.017911312565546327,0.002588069523909212,0.0005342106341448826,0.0010621505948073696,0.012684597383255433,0.0010364679262753686,0.0009634271127661984,7.170765444658325e-05,0.003303716608256268,0.023668177279812998,0.009923223550565389,0.07257519624895553,0.006084087780319538,0.023869513246997993,0.7486826127045235
513,0.0008981250230991338,0.0008742224133787233,0.9006400883541869,0.0001828382394227823,0.00041056300233977905,0.009293659977894685,0.0006526690777484973,0.00015430627103412559,1.6883402974013473e-05,0.006501583305103203,0.001016912806260749,4.757702564004142e-05,0.06712647207907144,0.0016578938431446926,0.008519514435130014,0.0020066767921751247
514,0.03647049967862411,0.03621602199447546,0.0027823010857763544,0.0011551930331241583,0.0033819493643034455,0.04733646119845313,0.0011356213924859002,0.04087428600870068,0.00019223567301251203,0.0034380582086302063,0.049318771345909534,0.1886244745986526,0.1164722233457487,0.01350979800962464,0.09637618833047305,0.3627159501224254
515,7.682689749759385e-05,1.4463339441770936e-05,0.9960134511260829,2.067361425794033e-06,1.737743179403273e-05,3.590849275264678e-05,1.252115709528393e-05,2.661921727622714e-05,0.00010925858737247354,9.473953516458134e-06,0.0009431297335899906,0.0022841577756496628,1.647257294032724e-05,1.449068772034649e-05,0.00021168468184793073,0.00021206757323157514
516,0.02785420566146771,0.08936405244350337,0.0019307168662521996,0.0009110625092053898,0.0005765384031799964,0.02611834272704524,0.0003106011655319721,0.08662740204581328,1.3996945155534168e-05,0.0021404758812393343,0.11554653635495668,0.6010523144754573,0.004181252378263716,0.009268843725697787,0.005110487636960079,0.028993206297978826
517,0.036324168093489116,0.003968854237741212,0.10263326235226179,0.0008752850870067374,0.0012993724676545139,0.030712320352261794,0.3662589305991338,0.002404790272873917,2.352697536669875e-05,0.018154357412727008,0.008215132860958345,0.002826686930127694,0.054364246025518384,0.007052563142953286,0.2970634561655438,0.067822988570564
518,0.01889999476230564,0.008837453468606737,0.0003580838670398461,0.042504130112698435,0.018314831213311265,0.03971236619129386,0.001090250793955729,0.01354463079632339,0.11744424665169324,9.029545380173278e-05,0.005789069163119131,0.23528465569355153,0.013248049150625708,0.05367411001472192,0.0021390332310002014,0.4290687569586141
519,3.7007070043664866e-06,0.0011949950573243507,1.4669194663137632e-08,0.00027977420662175166,0.9935551166025025,0.00020510267769842738,0.000158899539504479,3.9546956791333984e-05,0.00024018573723118394,0.0008669886346588946,0.00015041949824549182,0.0013704321260463754,0.0010224643418797954,0.0008599207111068859,9.247400338110682e-07,5.1550221832827714e-05
520,4.3302265284889325e-05,0.14459201566488547,0.00034432224532088864,0.0031089143861503235,0.005040400572773406,0.005387359247287777,0.0007034032934553089,0.024685212881917228,0.005808347117045532,0.00011221435382137235,0.4135133942848893,0.15646468518960366,0.234000110359046,0.0054508716814475455,0.0006433599645840774,0.00010209922135476054
521,0.05381723825030052,0.04397660440929586,0.006015994542359962,0.0016224600776293815,0.008794798476080213,0.017486360189439845,0.0006707258549356253,0.01624893136615977,0.00034840777536092397,0.004059023892226096,0.050200319672800774,0.15974860610125122,0.007745016361160516,0.016868920048123195,0.007640773177037564,0.604755823628489
522,0.09355235686498557,0.013086187331903755,1.3044031556988917e-05,0.004090583229512994,0.0024437003006352264,0.47767655403272385,0.0015161596210741099,0.0026350602395572667,0.008698984832951975,0.0010977438782221365,0.02167429864284889,0.283138451174206,0.014420527795957653,0.04488773663522618,0.006572008857782483,0.024496579033108763
523,0.00024854523961501443,0.00015807383154571705,0.9865740530798844,3.1643720731472565e-05,0.00010488022530317613,0.0007971338263715114,0.0001438866832030799,9.086121638806545e-05,0.0003325535895245428,0.00017090461063830608,0.0017433606011549572,0.007096805985563041,0.00010793141994225216,0.00019674946429258915,0.0009109166613666989,0.0012917133487969203
524,9.861458797305135e-07,4.694387588546689e-06,3.122853356592878e-08,3.8519990373436004e-07,4.0634424266359936e-05,0.00022706248677518447,9.12260332487507e-06,1.2706665525423596e-06,0.9987511655437921,1.593461144272415e-05,7.542448143984603e-05,0.0006518013927741613,0.00011268692067166012,9.337138530317685e-05,4.684523292132435e-06,1.0767846860896237e-05
525,0.003330939171046385,0.1867123595923003,0.12422924126082774,0.00039180823534097246,0.0028350310430194803,0.05703376667941482,0.0024516280034717,0.011488289647930704,0.0002207162948604428,0.018476034370481616,0.32494837751684313,0.047871497839538014,0.012839224792646776,0.016332937276227144,0.004255456620815046,0.1865827670452358
526,1.866574149240527e-05,0.014261442074931971,0.0002061065991485667,0.0007303146072894791,0.00032073723089700874,0.0038796987839145335,2.6725537922699496e-05,0.0026942471547641966,0.0016602780698402322,7.910927156525613e-05,0.035590761777670836,0.9184907888354188,0.0006038705268349182,0.020879264056719922,0.00011398842864507472,0.00044401806281809433
527,0.0008954097467757465,0.03265989265339858,0.003088644268825851,0.00044312688568047396,0.00024109845338158084,0.02552871818842974,0.00012955892219535436,0.01278030949736285,4.0244471156881626e-05,0.0003087347803658657,0.11541531176695925,0.02802508772296726,0.0029953663616706125,0.7616517471607314,0.00974466710010233,0.0060520898802919046
528,0.016451541008723775,0.0022936934885122,2.649096074908721e-05,0.0011486714411500288,0.00014776063294576008,0.0005295452115581906,5.9902380723368756e-05,0.001608723829971126,0.0001339116730798847,0.0013975433308142445,0.012299088847738213,0.025666171188150146,0.0005008391930001925,0.05691126053224255,0.879956455437921,0.0008684159077189606
529,0.004767774835033692,0.0013168603776342119,1.5176946769202147e-05,0.26665928485638546,0.6718864686236766,0.0004972236241323541,8.354458178850924e-05,0.00015040852674922913,0.003880682708574589,0.0007460397057957873,5.598752801990722e-05,0.0428160580801534,0.0007821336662819146,0.0009300988672282734,0.0040725317991113525,0.001339774642722847
530,0.00016862865677797192,5.612800284481232e-05,7.062978035187679e-05,0.003535149207276227,0.0011219778136192494,0.0003937522020821082,0.00034488713779854476,6.834331585169886e-05,0.9600353476419634,0.0004291111666487006,0.0003948801124119346,0.00666332017466795,0.0005704404404604427,0.0256699934319538,0.00029998071918705446,0.00017746184005282002
531,0.2767492399923002,0.004182613530818094,0.009364983412184438,0.0038480569011126093,0.00022370755419476418,0.0020744966805632337,0.00036311763117327975,0.0021019305545624638,0.00010333308088354462,0.00040604112107571125,0.00907307878768046,0.5651201600577479,0.0005792820724182096,0.0051253674263715115,0.001765402239603542,0.11891917198267565
532,6.6764803253128e-05,2.6132567064485083e-05,0.9964337943214628,8.536269170356112e-06,2.111361716073147e-05,0.00026290350470644855,3.233091076573628e-05,6.394680588912417e-05,0.00020535694869297402,5.831088192877768e-05,0.0007885225429258904,0.0015533227463561117,5.079751135899904e-05,4.200052604234842e-05,0.00018739735759923005,0.00019877534070259864
533,2.2671739241578445e-06,0.0010003865257950276,9.222113721683862e-06,2.1951066612127042e-06,7.874726403133207e-05,0.008173643501480437,0.9237361426467758,0.002192817861619374,2.0330838499518767e-05,0.020113055824743317,0.001010962125037706,0.03984444880449725,0.000332320851511119,0.0006968302197401351,0.0009141290769515688,0.0018724536407577954
534,0.009587405674717784,0.006458757721850577,0.0005474025941902583,0.007681621405004816,0.00018156436373307849,0.013631080328941676,0.0006523974833553208,0.15991428032916266,6.199139878267565e-05,0.009219766926103918,0.07286290125451454,0.0042655679879302875,0.03230114155595766,0.02067596462619217,0.6399720979595765,0.021986071844172474
535,0.054781259949382106,0.022503963801059103,0.002618553303694968,0.0002750324390067846,0.0004134252488054954,0.02604150771496516,0.001608288866019494,0.015544739978055824,2.525798085274304e-05,0.002355542783547579,0.45299325538017327,0.14115080185948028,0.0014725013281385946,0.009620790410009626,0.16631565217709335,0.10227940731087586
536,0.0006071795705507905,0.005023422135166853,0.0012389771805022068,0.0007884020811170905,0.0345972790941128,0.42030103392685275,0.3545894342621752,4.2114784460549914e-05,6.19166076350495e-05,0.031763763946487014,0.0026736066244465832,0.007848629134627525,0.043498148733166514,0.008594662129124159,0.08500208150153572,0.00336941015034353
537,0.00020936726715634047,0.0007293452374537803,0.0002426525283935556,1.2094632124160234e-05,0.0010494291071954764,0.023774804625971126,0.9586913773820983,0.001952093947106833,0.0002164589965920462,0.005778462667226179,0.0007393300135691316,0.00274945513368953,0.0011386399317601429,0.00027521398538356116,0.0008609431108120885,0.0015803639793024063
538,0.00020137997428519198,0.002438393577297254,0.00019069914170742624,2.9269275112608276e-05,0.09474610175659288,0.0020042363523425605,0.8736319348604428,0.00019946210004868526,3.303846811645814e-05,0.019258295146561695,0.00023050194229896543,0.004014945582679021,0.0002707458501685467,0.0021807745792944548,0.00036671452282151733,0.00020356558593501444
539,0.00030258392188642927,0.034027482263157924,0.002935454345467587,0.007176081158520449,0.00030630334488945365,0.015449706148346948,0.0007942701403497102,0.00027990032374209517,0.0008120873723973821,0.007880296831953803,0.5840200518768047,0.04673214996145748,0.004364228849924928,0.24431091901251203,0.04959935356515367,0.0010091016128392684
540,0.0028022486208989913,0.0764861599209998,0.0026850833599324554,0.00019652565731482008,0.00023492942661787646,0.002850170152633243,0.0005978225248754399,0.0020545425083836727,3.9669979391722815e-05,7.561410017324727e-05,0.024777718002911644,0.8710919873435996,0.0002624647683634262,0.014259088348912418,0.00017269458904107445,0.0014132502368189642
541,0.0009441621646775745,0.0006734232345232801,0.036419907375575336,0.0016030681341674686,0.01899383243307527,0.0014962035602271418,0.009424441056323387,0.02428329824830414,0.5109962692839268,0.04820931853174437,0.005913391729701636,0.24751115571626564,0.051410051053320506,0.04047412369008662,0.0013383047350952841,0.0003091023309143407
542,0.06790999409707421,0.009563178193426619,0.044583598592396134,0.0006368733309057888,0.0031839407551526953,0.09980693153308952,0.04052626919169124,9.42384803495669e-05,7.46775340134745e-05,0.07750093055815208,0.011378932107057795,0.0032385225828515498,0.22171544813474497,0.011185068822906643,0.031729929769441466,0.37687147737247356
543,1.3044760154643755e-06,3.622030148868344e-05,0.00044668413338055826,4.76981346145261e-07,0.00028682971869643884,0.0004699590370351403,3.370962856955864e-05,0.0020161595286702755,0.9442253808469683,0.00036746103046463914,0.0006772317794033714,0.01195017184709336,0.03790364853704631,0.0008475315821157827,0.0007237198514156611,1.3528663333484353e-05
544,0.004054620860583287,0.004949506556322862,0.45720081500481236,0.0005439274438117439,0.0023767024104851217,0.005766604077737025,0.0003240558321597368,0.006501341395471313,0.0014057104746948614,0.0018560682618579511,0.39398320050813473,0.08814197500326475,0.002360039878779282,0.0016924557411074326,0.019050003176995556,0.00979300544897313
545,0.12241346796708157,0.018764019982699914,0.0008295720089295639,0.3807995022526468,0.00322883770596863,0.0425234178825798,0.0027727845957659135,0.010440103475260237,0.005790162840519731,0.01663129715890832,0.0037188996021033436,0.02031458656574845,0.01616870878183217,0.29867884451395577,0.0025685172024528524,0.054357346666348415
546,0.001949088467711333,0.0010634970029624639,9.150376608239099e-05,0.4529851339557267,0.06079393812003662,0.014500347575114533,0.010550641681761997,0.003447346467598999,0.006399327084150145,0.015622300308487392,0.009304041268997114,0.36619889479884504,0.010793329539788251,0.04552829630051973,0.0004430273483953802,0.0003293163519114534
547,0.006287054182598115,0.03941930378725698,0.0016600471621961415,0.0011928269753068604,0.0056334556267951495,0.4077302725890279,0.007102899979111475,0.05202913300866218,0.0006088692823484139,0.00014596762794529187,0.03378622622021173,0.3917236454860443,0.0021140555810917664,0.022686098161693938,0.003693379150679582,0.024186737916267183
548,0.007249162608034607,0.009862824703172884,0.05679659423704252,0.0021075054957103074,0.001939102263484701,0.015062677957862177,0.0005272382352912478,0.014733475097016363,0.0009854987639076058,0.002146121299772935,0.7126157697690086,0.11638174130140519,0.0045140519408797325,0.006466830639782869,0.006947739317687688,0.041663648667694446
549,0.010128844839315717,0.1253038770211742,0.008637634134762722,0.0006385941046999038,0.010441552330221171,0.006425667556006836,0.0012134681897853058,0.0017062383510221366,2.7838354481231956e-06,0.1303662601319239,0.012133668025676746,0.2312272213636189,0.0023531056899260055,0.4521872618431184,0.0009978312863230191,0.006235966029011742
550,0.03789043148930895,0.05009091859126083,0.06933542710075073,0.001362537991015053,0.0027493642815437924,0.01849589154882387,0.0017932774077581445,0.14417243376708375,2.0851221949955367e-05,0.006246301300056977,0.07502427737247354,0.1702686640615977,0.005291138857964581,0.010046059213666988,0.36525200878729547,0.04196047631568816
551,0.0027057274115049753,0.00014190677905619094,0.0005281917821343599,0.012216902882840124,0.0013126771602311456,0.0003403220811622714,8.211712505682064e-05,0.0018632161062979789,0.9411821119826758,5.762740341693937e-05,0.004034024918807315,0.01988797737240331,0.0002771173001385201,0.010301030410048125,0.00417341828684288,0.000895627009000978
552,0.09629309654469022,0.2634902749952918,0.0006106032581675875,0.4061790966756497,0.01079160988210996,0.008805926311903132,0.0023783906770004815,0.008540590541713185,2.5841291766121275e-05,0.0006912702218560366,0.0023862038170230065,0.14881126389151492,0.0005678375065641594,0.019692964119629165,0.003845442408273004,0.026889551400915878
553,0.0001308237209624639,7.13684837439846e-05,0.9844303666987487,2.0472473015399605e-05,0.00014257858416233114,0.0015568363154998557,5.378262161696886e-05,1.1556753310716194e-05,0.0033743036229074647,0.00019433873043850784,0.001985225064090407,0.00517302779584537,0.000554390968817589,0.00030974137958703605,0.0018608645217517916,0.00013035173367663682
554,0.09785992360192494,0.006270544799455809,0.064479645546872,0.004773298446536747,0.0015735427247083736,0.027351538239159194,0.0013896169857460638,0.000943403915896054,9.068310978825807e-05,0.1288671232831569,0.02008866120426564,0.020291030974075072,0.03345499534456208,0.002148665169316651,0.005293404010410627,0.5851239150721849
555,0.0005485247455166702,0.8338683458132821,0.0011100341302288986,0.0004334190126253829,7.89771809805856e-05,0.0009302540125512826,7.435228106505102e-05,0.004913324024573629,7.224216541097216e-06,7.549484555290941e-05,0.015240527192440569,0.038882191531417136,0.0003011542374719569,0.0892408727064485,0.0021392658383105646,0.012155999939364776
556,0.002490495557303815,0.16628797193455244,0.06543019268480346,0.0030273822528392707,0.001098011779412974,0.010946515303330127,0.07748451306616594,0.0010874140417228104,0.00017200902251203083,0.0013957920836111647,0.05502805399307025,0.5765181606737247,0.003964894915754357,0.006110095267757458,0.020644756813614586,0.008313740139649663
557,0.09061713829422523,0.03430864775859326,3.0400542262213523e-05,0.3843118548604427,0.001240274208016577,0.005402233112299827,0.0006704028421197821,0.0031415261877813286,0.0016884257614554353,0.00044934892897178277,0.009013571612863439,0.3168264762078922,0.0375874925714327,0.10733799280461982,0.0009694491995255072,0.0064047171103630415
558,0.01084965957144962,0.03134579247137633,0.010590343891954587,0.008444470793138899,0.001432540467054568,0.017515116070932053,0.004277053611337825,0.021121077874325312,1.1620635623099135e-05,0.005791158262353032,0.026825742735282442,0.009023281579879383,0.010113947189528395,0.40295919822906645,0.3761595414363042,0.0635394618120054
559,5.1150135245428304e-05,0.00017139838943214692,5.212921902791146e-05,2.3071796731472575e-06,0.00012474947754571704,0.00227905987972739,0.9853425621751685,0.00015887215181916844,9.888695280230992e-06,0.010901469132820198,9.914019854667951e-05,0.00011853058254282967,0.000405342621366712,1.892026089990412e-05,0.00021781560086621754,4.666509623769964e-05
560,5.939866940327254e-05,9.349619422635166e-05,0.00022024598761394187,3.2659079067372473e-06,0.00018264096849029407,0.003061090010339631,0.9856174950529355,0.00011852314951665554,1.9917518318979786e-06,0.009806410268673186,4.1735902680623174e-05,4.6346933185755564e-05,0.00021714199559203645,0.00010251486702800065,0.0003416049213419078,8.608513839986874e-05
561,0.0031212056390760344,0.0017082510765158807,0.888354587680462,0.00012033947214629466,0.00031914816324176847,0.0019626156496638466,7.298275894128975e-05,0.0004977772325358506,0.0012791118433108759,0.0003754074924001049,0.011436210940248718,0.0699333080767455,0.0011855626206930116,0.0003003325259849586,0.01225348203147277,0.007079679655443823
562,0.017023562573121234,0.014865336914572475,0.00769776467110293,0.0002877887339972281,0.0029319226584485084,0.07408286846005775,0.01107845828396535,0.0006849438565736286,0.00049917085120308,0.23236789851395576,0.01934111531523388,0.03436557203522618,0.07837782901058711,0.3817161947767084,0.09928903206225921,0.025390538415784408
563,3.2956371932627526e-05,0.4007805525717036,0.0010943604509430827,0.001787100119816901,6.165638454296672e-05,0.005010632690126661,4.048716335122614e-05,0.0009463349133990375,0.0006220973357266602,0.00013742152625601575,0.21502476810009627,0.3382605043071415,0.0005277723606361757,0.03523357339653513,0.00025612718291812047,0.0001835963310683465
564,0.01090930273974796,0.010401219824847523,0.00584238061651588,0.00149593949594198,0.0025262147635881443,0.031423601770163616,0.006975827884060058,0.0015802358393081043,9.837708485081809e-06,0.054141380521581524,0.0018679897000473099,0.000422086103033129,0.5484272089701636,0.10044293099133784,0.20355576421030772,0.019978068567853707
565,0.006692834396535179,0.013574758599887906,0.0982444131078879,0.0009715328566647102,0.00016025662828422668,0.015981361643192436,0.00034104261812290367,0.0032102521115972035,0.0016617111625640039,0.0002444574499555331,0.6792246771126083,0.14646850518878154,0.005225288827524809,0.004608953583265448,0.0011108483789483215,0.02227908945842656
566,2.6422281323973697e-06,3.451455225352476e-05,1.4603505145285597e-05,2.231547707410972e-07,1.3207896410009761e-05,0.0004901837458673469,0.9914246137632341,7.636608910744592e-05,4.028493090613282e-07,0.007830107097015012,1.698784007326651e-05,5.284715748220082e-06,7.394345590037208e-05,3.2082713604192336e-06,1.1339238508185706e-05,2.328821468256085e-06
567,4.132563994013475e-05,6.32503709124635e-05,6.100486310875842e-06,0.006703053006409393,0.008985241463907605,0.005497429355168599,0.028849323901206023,0.0021208022962478043,3.6612795938402313e-06,0.8816435480654476,0.048923080102406154,0.013311554280866604,0.001270890134552459,5.198855538023897e-05,0.0025168014285274305,1.1934790814424914e-05
568,0.00539707024490587,0.00295851062613667,0.0026686846237918387,0.0020122610956304137,0.00023184541252127045,0.05475389022329163,0.0007137048334481618,0.047250654363426375,7.064329346968239e-06,0.0032235366939518772,0.009969812475734361,0.00510425400897128,0.004939654697678537,0.2431386901992301,0.6081148218286815,0.0095155801866795
569,3.161782143407123e-05,2.4094197580365738e-05,0.9986578264485082,5.1820426746872e-06,5.157293133782492e-06,6.27594734263716e-05,2.2869275343984603e-05,1.3351697674868154e-05,1.6693080053128007e-05,0.0001372948940038589,0.00021336793772858522,0.0005775200381521066,3.082564847930703e-05,8.528994028873931e-06,5.336555988450435e-05,0.00013951777586910494
570,0.018880159351299355,0.01153186623003154,0.008802070007699711,0.0008246703906641001,0.0034736750081809436,0.01731434792107809,0.005209466702598652,0.001403020505208151,0.0004359415792492782,0.005702394820596728,0.0059776383210779615,0.0021780601328205773,0.1532180082098206,0.011238473711365285,0.05746984409047383,0.6963403887872955
571,0.0001839743974590953,0.028313644922040426,0.023421420418690237,0.0017063587309837922,0.00022642995386448574,0.001026088733087977,9.593541227301305e-05,0.0019161703715595765,0.0020953133759876418,0.0007711645421911364,0.27475941297871026,0.6628847910972089,0.0006644549181135717,0.0015688813121539941,4.5867042128713454e-05,0.00032006853915514925
572,0.01325518547576836,0.0010118574347057557,4.049022506155956e-06,0.002313173797892194,0.002388054448202094,0.02104835055338148,0.003225735628215948,0.28412781742065835,0.010869633811475389,0.0003817053586451434,0.012881130059914878,0.2179157504210741,0.0011162569715867565,0.018711421871029837,0.0005411994110191937,0.410208656775746
573,3.719689157631542e-05,0.00061348243004195,0.0064405440750737696,0.0062012510296319155,0.0004148870546370826,0.06695199036939366,8.728835242346003e-05,0.002922742759782868,6.96162195707411e-05,0.008173322091999231,0.8400976275072185,5.001382290645236e-05,0.03913401184164466,0.02721033289637883,0.0008754381216516527,0.0007202193538227796
574,0.1072182557503682,0.013231144183925743,0.043628256521741675,0.0025462466465446033,0.003132670963438021,0.01428658747310532,0.0019480220550523357,0.0020744925998152242,5.6705960269489895e-05,0.0035681680528173465,0.002756576180690764,0.005212594284602245,0.028199365172868415,0.01737987654391701,0.23167026542606306,0.5230908227141482
575,0.002713478566810169,0.0009172323832256924,0.0051324194851742055,0.0011981521953756365,0.0010887976900020128,0.005639706118639958,0.934640100587103,0.0008476670805062614,5.942122464023099e-06,0.04061922624469417,0.00040817232840262654,0.0004322983233659458,0.0018402884592132606,0.0006894085667146514,0.002222941610600661,0.0016041248309389715
576,2.6542526861982682e-06,6.668874720692975e-07,3.4834420003995766e-08,0.00011038674145674687,0.9997444773820983,4.072745645543793e-07,9.156234004619828e-06,4.803793810882002e-06,1.4595125272377287e-06,8.041343419634263e-05,1.0067612150182869e-06,3.1624456912608274e-05,2.8533760816169394e-06,6.653756908180944e-06,3.118463606737248e-06,2.4403841774205966e-07
577,5.050629253068336e-07,1.7006781009817134e-06,7.197382452859565e-09,2.316725077767084e-05,0.999218920779596,4.8986262088642925e-05,0.00019168659940516867,5.846014454495069e-07,3.53290497183985e-05,2.731862052242541e-05,7.286481291626569e-07,3.421958104397493e-05,0.00017539905105216897,0.0002412568660111646,1.0866565821944178e-08,1.383954993840231e-07
578,0.027478523682424868,0.012078128825473189,0.1760512012646776,0.0028093756928780377,0.00269284077906909,0.08231867443308412,0.0368585087354615,0.005098579322493938,3.182769035803658e-05,0.025600658512907024,0.022778387126576694,0.008427688377291754,0.02589285928821713,0.002543321263240808,0.06682660963793156,0.5025127670837344
579,0.008349440080755891,0.02152906240372307,0.0005952094642790376,0.00016729786623750215,0.00034689681758215814,0.04169235515722765,0.00022017687284231333,0.31230690493359,2.868520111068335e-05,0.0009059281349945487,0.2768873890182868,0.028944943607754382,0.019464556207072953,0.08410448479884504,0.06956330027937341,0.1348933829151107
580,0.009957083084696824,0.03491070554397644,0.0013297875863772586,0.0002614191555830162,0.0012346729074688852,0.03224285164027714,0.0007168499325216567,0.603657583147257,8.065819917228104e-06,0.006138374854187038,0.09967554891484895,0.06836468359178438,0.0024650557885511513,0.0548784979426431,0.04414879607122969,0.04001004551421772
581,0.00010589618565736285,0.0005787374769565352,0.9894159523580367,1.768069564966314e-05,7.691347310761717e-05,0.0012712407113765077,0.00022999368186410043,5.1925815713995714e-05,0.0003899885665784408,0.00020474796046211804,0.001961837966975498,0.003050155764610406,0.001048770099118383,0.0003283955429164011,0.00011016766954764324,0.0011576011328086428
582,0.0020727362717757477,0.015773460435209243,0.10943186826045899,0.0005402831666658904,0.0017289064553953264,0.12985621542099712,0.028207345967399853,0.00587247101655438,0.006646024359962138,0.006635826455245428,0.44311513301251204,0.0769433830878922,0.041260562178948995,0.003160175572234841,0.0015479700615660483,0.12720762979980751
583,0.013922182992300289,0.005217830077478345,2.7606802674687198e-05,0.004274801491819118,0.932731263041386,0.0010592683735322428,0.004391238727717185,0.0001404288530991338,3.9666817276227145e-05,0.01090297332931078,0.0008995480709335953,0.0011847429981713198,0.004187626105871112,0.005393673417230533,0.013317840980269493,0.0023092840469685627
584,0.0012869645087584234,0.00017295012727622916,0.9422842922232917,4.9444515371806994e-05,0.00043145267653552164,0.004417812399154255,0.0003248019573437347,0.0002720881852771539,0.0053976894517420914,0.0014308799659107914,0.0171096063157443,0.016199646972774092,0.003797720041043586,0.0004302137246707487,0.0019277258962472372,0.004466667047900793
585,0.0734730990225915,0.01423861220674702,0.00018721790110915688,0.0902723477499134,0.0019341517912972394,0.0061245025012723,0.00045347881940462016,0.4589460932309914,0.00046892771029895236,0.0012156762015108297,0.004252879842905601,0.2826868460204812,0.0020848979347557342,0.05105929950490857,0.0013299233224310539,0.01127206285995013
586,6.510059514918294e-05,0.006358718493672643,0.02075995139327238,8.295017356105052e-05,9.022584753643796e-06,0.002179795882580791,2.4985181618513185e-06,0.0020051953513935458,1.9567662051973052e-05,1.4577692004716106e-05,0.11557230289320403,0.8492097243503368,1.524881613955743e-05,0.003392201141331473,8.036931701637303e-06,0.00030511269380133904
587,0.03504143371717513,0.01777219132269798,0.009164587886429258,0.003959607531118987,0.002403230519045236,0.009721374123328585,0.003924703431290086,0.023355900642571707,4.7938410711453315e-06,0.012762570059860636,0.002113905393121942,0.00493916425512502,0.0034493737558933665,0.019679438518806547,0.8372572216746873,0.014450462356908176
588,0.0782298766772358,0.0058085967175969455,0.005241290660410933,0.0019826002062583795,0.0019496540273986976,0.032271336344795995,0.014309501752691398,0.003043906849207315,0.00017623487260827724,0.023722081136862368,0.016659837797585064,0.011690437069094997,0.10625316116073148,0.028413322158652554,0.10267851864853052,0.5675696724350338
589,0.00015916309870460054,0.005077813392049278,0.0009484259005101423,0.005432062425832531,0.0011070084838686583,0.044019516285505295,0.09869325339788258,0.15706675611114534,7.058549441681294e-05,0.38688867552261796,0.06861552531857555,0.0070870234506256015,0.0010805636525012513,0.2231436218960539,7.450669459875756e-05,0.0005354800430067372
590,0.0614025303535801,0.0721560676320693,0.0016735318826374748,0.0016184161033686237,0.004499527732639076,0.04896270515110683,0.01770185501632031,0.35976950481231956,0.0007218174256931875,0.005667861736783831,0.02053237520888547,0.28992838453282005,0.03514448214614052,0.02180536387083734,0.0018938186402086723,0.05652175668334938
591,0.019697709008697186,0.004739573540905026,0.836173011549567,0.006568352552795637,0.0006583146586989525,0.017064770621752472,0.00823437745339751,0.00037513714504362056,2.9255132881616938e-05,0.057896138795213305,0.0009698257089127975,0.0003059914788947304,0.03192797526467942,0.0014375384663195333,0.005638320914148235,0.008283720720825193
592,0.002430394866987488,0.0037613351554500194,0.00012983304790027103,0.9824783117420597,2.666931332627528e-05,2.3814852915303532e-05,1.9787585786333017e-05,0.0016450428413754812,2.507936776862368e-05,4.8747040198267566e-05,0.00019534183484119343,0.008763451270454492,5.927463973102378e-06,0.00022995292828980552,2.030676998460058e-06,0.00021423700752646802
593,0.015483741084385633,0.0016930875018651178,0.04918251108362862,0.0008151750952868277,0.0011947499647353226,0.007460570660676559,0.00031412846312091705,0.0004981156534552455,6.609792265640039e-05,0.004245954820602117,0.005937009642805795,0.0014332791408375569,0.08633170332388837,0.005864659862167469,0.8012136529355149,0.018265570234456206
594,5.473372529162657e-05,0.00010737823836381142,0.001161175873890968,1.4901157313763234e-05,0.00019696114957651795,0.0038177121425065747,0.973491484773821,0.00025709976363827127,7.050401534783447e-06,0.018429268232921712,0.0002369013830702698,8.590009094321463e-05,0.00127834037151107,3.6001147449470646e-05,0.0007190903409528393,0.00010602604082772524
595,1.1528578183830605e-05,3.2611200028873914e-05,0.9963015198748797,3.1022762278152074e-05,3.388000039470168e-05,0.0003831486555534228,0.00020600103476419636,2.4913654897018912e-05,0.00043224484746872,0.0006174482503370157,0.0007827541562656738,0.0007617425643118437,5.4412795842156024e-05,4.91155048411984e-05,9.093034048123197e-05,0.00018673263825216656
596,0.012479991614154237,0.03675827907888277,0.06457613078537054,0.0028634183335913086,0.003212661383741598,0.02968953695899904,0.015188417451703557,0.0023797465521462943,6.167925415784408e-05,0.22012319963426374,0.004673314454851973,0.0029842384002207816,0.27951201164966316,0.21934662365736288,0.08092625508450249,0.025224480226294515
597,0.00017898710249278151,0.00927468916262323,0.00016501201951711112,6.678723098948142e-05,4.546393536239859e-05,0.0021597907025026858,5.1781388193201926e-05,0.0006328905882970987,0.0001916881583376348,4.2861362899127e-05,0.7114324965948027,0.27350144344685273,9.289614655477503e-05,0.0003956257132696824,0.0005570701277339338,0.0012104667265122172
598,0.25275026313840226,0.0017057494381719817,0.0026159107499762477,0.0011399466083156886,0.001750914662300609,0.19832773309913376,0.02518272166001925,0.0013722925094321464,2.8843688390298366e-05,0.045370760641000964,0.004061952613949311,0.006803668639858029,0.02254137835707411,0.004998164457747835,0.08436090051414821,0.3469887972088547
599,0.0006297869255109025,0.009516909655866025,0.0049245783543792115,0.00044613736096246395,0.00010633087969373846,0.31182458931665064,0.00010075795207788705,0.2178483373435996,0.00013962963681254573,0.00018983652153601541,0.33743853376323385,0.0928353472964697,0.0009926447408315688,0.004973142031876805,0.0005139348434224914,0.017519485068922813
600,0.007541695568668794,0.005865713112560608,0.00108550912253595,0.8894452495668914,0.00028818084519801907,0.01079716771562586,1.259806250240616e-05,0.0042054180721200485,2.874186254090472e-05,0.0026422065955250228,0.010382156198151611,0.005027827299361652,0.013041865092390885,0.0314050888576462,0.004670494778634342,0.013560106696244417
601,0.00018694655861405221,0.0019190861538549444,8.571988191249487e-05,0.00017717626313763633,6.21301049278969e-05,0.00845508351374788,3.769777692011598e-05,0.114395796830149,5.824913133666987e-07,0.00017299629899962413,0.8605745986717999,0.004439485455248103,0.0030824534687215865,0.0030227676729514207,0.0004356082718320626,0.002951888801655977
602,0.09556790604752458,0.012662198693554942,0.0027645588384254474,0.0006994666729547642,0.0013671808478345215,0.0018527399260827736,0.0002564749091482698,0.00040446992979855956,8.071284069297402e-06,0.002129866689413219,0.009640647118458752,0.01994751336092401,0.009215505286275997,0.010630062400415786,0.029289237856400398,0.8035641003946103
603,1.6952211372501228e-05,0.0006668052015226576,5.7234083319268525e-05,0.02510824793004939,0.00010374855790759771,0.0009506416900523688,1.4504982067773114e-05,0.0030314146597610037,0.000549329057093359,6.625051711541972e-06,0.00486638875562482,0.9634255336958613,4.528497643888403e-06,0.001076908712845081,6.535348951626602e-05,5.578548597776302e-05
604,0.018930283057020516,0.003873825104568763,0.03853180337081039,0.0027882945889048855,0.001459307435792231,0.024296147112869485,0.8079831907988452,0.002997146831569838,5.157085291969201e-05,0.025352419532202436,0.00040018577215549,0.000512064256793318,0.058061019907834854,0.001264385235805536,0.004910424628454306,0.008587952799962488
605,0.007603146348534472,0.0014864308922255811,4.2970485970131e-06,0.006901983817962503,0.9452006495668913,0.0005019532027314225,0.0004964759540240617,1.2537479758252647e-05,2.3005811722810398e-05,0.01392280601135619,0.0005662797791735296,0.011904064571574995,0.0006824664212743022,0.010524680025813563,1.1056395687314783e-05,0.00015819010826910492
606,0.0044734556013858425,0.00239301028970135,3.31098942213667e-07,0.044612801476478725,0.004164678312762293,0.0849325480877977,0.5257687416329742,0.0009064433273444316,0.17295101086612535,0.00253291276989199,0.0012541790414883653,0.13855776592118654,0.0001077220893687669,0.00910353327391638,0.0047067057949952,0.0035341966348589647
607,7.18404577619355e-05,0.00011492883701489894,6.5278546258750315e-06,0.00011301890578978094,0.00025029677480512805,0.001565286547811357,0.016426554350135594,4.603385470452358e-05,0.9446705310298364,4.874451216023903e-07,8.70929971064485e-05,0.0021183666104485086,0.002938175241940628,0.03154565038197601,2.4336818558509337e-05,2.0880542340531283e-05
608,0.0021805700047980753,7.398814340904717e-05,0.9495750231953802,2.648315260827719e-05,0.00019162619446775754,0.0006197024971588075,0.00011352684213205004,0.00024392574639672766,0.0011718745557459096,0.00012179515724350411,0.015463942246775863,0.021948447523195386,0.000350944654186718,0.00012084954678560305,0.004675510616361886,0.0031217603572467854
609,0.009247850734359965,0.0010324468642950511,0.0009406238321463342,0.003516363023099134,0.0033822303987308708,0.025873183244910145,0.2586803602502407,0.0033800327957865433,0.00021792932116458135,0.16501799069195766,0.0004293685769971127,0.0005018756256743232,0.040925752770064536,0.01551942257572544,0.46094125305101064,0.010393300126086254
610,3.5010578247262246e-05,0.0006438167430732082,0.0006506273734525566,2.1081658833696475e-05,0.0019432244570993895,0.0017591132714894215,0.6949407535514919,0.001226829631846691,8.439639044003851e-07,0.2925620153407507,0.0007397031499306489,2.186157389267798e-05,0.0023829759973766724,0.0002675715513176978,0.002773849439770324,3.075155468016268e-05
611,0.0019320121510106073,0.07385567027792493,0.00543041203839869,0.0006591691159822908,0.0001538479129500674,0.004633136672995159,5.423152873666834e-05,0.004493724298029659,0.00011641052518960542,0.0002281933162307471,0.7825843292107796,0.1086236468269644,0.0022554994104052877,0.007605432319422523,0.0008232775165441632,0.006551006079538017
612,0.0011505848656419618,0.6729855286814245,0.02124304855863946,0.025774840852361872,0.0013248514598557229,0.007102756672843813,0.007494949831661213,0.1783311591145332,0.00027303138131665075,0.0018532164625846177,0.009745784703610011,0.006963779023464871,0.010179721922317959,0.043294401779595766,0.01076444622919675,0.0015179028569263678
613,0.005135470682728934,0.002865490780858325,0.0005451388037045742,0.0014166401774340337,0.004570572387537001,0.11309483515977606,0.0024109881776338787,0.006054843147709336,0.13154372995635402,0.010714062720175476,0.40648093448296446,0.19694465005585374,0.0013930104495707412,0.01112850282752647,0.005389380480059827,0.10031176955052935
614,0.027787864270453436,0.017007257794275192,0.01362738396947708,0.10152198337516843,0.053786351087279465,0.03240936231484043,0.01665792771374283,0.002855233787570356,5.756037161693937e-05,0.23137167505369055,0.012519091084238973,0.02861353233681041,0.030372195335922884,0.3882570574109721,0.03370608672877536,0.009449452340653497
615,0.4493778886429259,0.008042492848330779,0.003696680278881925,0.0071152567536092405,0.0018158696731392493,0.010752287724342243,0.002513929669151203,0.018835495419634266,7.862230345524542e-06,0.017441954235797297,0.005996576602879692,0.012609271411549567,0.011845874682713978,0.009989330131549568,0.0015756066568520049,0.4383836232723773
616,6.9886628373436e-05,7.688184658327025e-05,7.319297566892003e-05,4.42576220211742e-06,6.417094833493761e-05,0.0025304752598796472,0.928337410105871,2.33754479074067e-05,2.0698382093809433e-05,0.06709830050653769,9.062492327257828e-05,5.4195534975938405e-05,0.001010229321661262,0.00012000386217559926,0.0002209400841049621,0.00020516826641076927
617,0.004754867087588475,0.13235368661481053,0.0006650177939948782,0.00024578074590416403,0.0006169161695862059,0.0024410912910511275,0.00027946414882059196,0.06562780888310299,1.4100963477574592e-05,0.0003062512108679214,0.03782765115015676,0.252938535545938,0.00012545901947086437,0.48350111973051013,0.004029394020693022,0.014272880976905334
618,0.010462030329932629,0.010612618501226597,4.939784875102985e-05,0.9035396281520693,0.010352312464677826,0.00245966872077568,0.0015472163175822933,0.00011155371827439472,0.006690348746679498,0.001332594307019827,0.003877600590079708,0.03684566487271179,0.0007805230229576135,0.002980162809178056,2.217661518052181e-05,0.008336534637742535
619,0.003187034528213623,0.0077628849094935875,0.003593408207478646,6.64520486622126e-05,0.0001615133081612807,0.0064415289204936945,0.0012802274684392031,0.002603208471322425,2.2410414170356114e-06,0.001384973465832532,0.004481837266630583,0.0006882527288532112,0.012609575533123269,0.014988992203172282,0.9283528300384987,0.012394972129817132
620,0.02306389976632185,0.0019776656669797804,0.2900137914744947,0.0069864802148761115,0.0024548552083389417,0.010659243408700673,0.0004795353974663946,0.02564671100577479,0.0003492103704138607,0.0026614960566154378,0.02573969216053898,0.06798835058671801,0.001879497539411587,0.0024862240251626562,0.16501505388065446,0.37259831083734357
621,1.985517145524543e-05,3.387697311453321e-06,0.9977211488931665,3.3628166315688166e-06,8.837803371511078e-06,0.0003897591888739182,3.6510529102983636e-05,3.6090975043310884e-06,0.0009736095958614052,2.9475658642925906e-05,0.00027087002829645116,0.00021741082511261882,4.904512856592877e-05,4.492722825794067e-05,0.00010775840315688162,0.00012044279822136675
622,0.04548706406482052,0.16937055877503368,1.5294049651267736e-05,0.0032290303807892204,0.0043316022440096245,0.004638828966390761,2.888557072322618e-05,0.0021445113893288938,0.6605441198075073,0.00016576634893974976,0.004034605143541097,0.09687764091915305,0.0007304088537842386,0.0022671327036766125,0.0020188992726852743,0.004115638578071222
623,0.0006477389639114127,0.059241282767694074,0.00022478445523365108,0.11260553401795496,0.015222125673749237,0.0011859728127244966,2.167091777675931e-05,0.002651513759763118,0.0018095943575169126,0.00037695573657959506,0.04646663731091435,0.58986392906641,0.12192264998405743,0.04683058267372474,2.5722679402769533e-05,0.000903281211936307
624,0.004851196697786333,0.01055959745775865,3.1725875878793985e-05,0.9694387690952839,0.000502704759672769,0.0002487992936477382,8.361651433224253e-05,0.00010365990037536414,1.0233226862598651e-05,0.002150311512127045,0.0005180253742637285,0.0030115987429836493,0.0004836417728200628,0.004069868051224377,0.00021249965283926854,0.0037237899817136183
625,0.007489644631645044,0.12758023000856825,0.0034448837196033566,0.061839850793827915,0.012058630979064485,0.04781104229974976,0.025955691742740962,0.23482242749566892,0.00023471705157599747,0.0008436062608861145,0.06909183839268528,0.3530706102319538,0.005411959031915304,0.016035131604427332,0.02824063549709505,0.006069085971548028
626,0.016250183669517807,0.10711110680423484,0.011788867096053899,0.0006674507176157223,0.0008285410399809978,0.061192624532435035,0.016420970389857847,0.14271190837998074,0.00012141568377339763,0.038664370417378253,0.026123066160092398,0.002580855243310876,0.2407785771795958,0.042434089520692976,0.06538768375670316,0.2269382365447546
627,3.956577225218861e-05,0.027713423578810528,0.0024330204023099134,0.0010366526698366366,0.0001297649304716409,0.002235062546972537,0.00031710589936878814,0.00028566317873096863,8.638058902521658e-05,5.6433680413859485e-05,0.22367608019788188,0.7386263564773821,0.00036646742540904944,0.001087577040079153,0.0004169726215323533,0.0014934694595033857
628,0.06284517166857365,0.009087524891902723,0.007603030348026949,0.0036225759412897678,0.0007030681800150075,0.11894852396881617,0.006319943722098171,0.0006406832196342638,6.42037531645854e-05,0.01876846185178056,0.010701859463371292,0.014502702513125203,0.030991653194533203,0.011289022999525698,0.03191594707806568,0.6719956360250241
629,0.0018028357516855832,0.003689725640007084,0.0007438643974710015,0.0013732838844835418,0.0010886210902135902,0.32185466130510104,5.935590385916018e-05,6.812377748050897e-05,0.0019173387529846902,0.00046464944276943215,0.03622332888835419,0.4795800414821944,0.0015276258835170743,0.1493087620134745,8.053296034071223e-05,0.00021728159087584215
630,0.001110378026852743,0.4582811515495669,0.02690611983433583,0.0032599080952839562,0.001889404490516636,0.009972669730485145,0.0005702258786581835,0.0700371912855438,0.00035372683512993266,0.0018636029741111895,0.03720837700945783,0.013132253877745526,0.012039371372327754,0.34144453677574593,0.011736937362850097,0.010194160955683765
631,0.0006791254712223292,0.10701291142789206,0.021939186172781525,0.0008302704398546434,0.0005107129772870813,0.005300043963125034,0.0004901038120846284,0.06346498579301982,0.0005626634532242542,0.0005528924700652595,0.6605094227189606,0.10785710128755344,0.0025558536467757617,0.02407874008755309,0.002191530428927822,0.001464457531767809
632,0.09010252130333014,0.05322257677649279,0.004425493555765744,0.001151133595765159,0.0016926717196136117,0.015663035392682198,0.0007897741819479687,0.03103071426179018,9.877167825794032e-05,0.002387930250883014,0.05804091895523697,0.2912796445736285,0.005249147140716461,0.34911218412993267,0.0025611263504637166,0.09319236881285851
633,0.00027374798510298374,8.694754032933762e-06,6.35459384609401e-06,0.0001281844015784423,0.004823101121940327,0.00020226143853968974,0.004679099388473305,4.21393134149228e-06,2.1836941377054863e-06,0.9806846149181905,2.142434827271892e-05,6.894708162895867e-05,0.00024401883378422494,1.3971232118250856e-05,0.00882124129540198,1.7935931500968892e-05
634,0.00025031090699212014,0.00974423908258256,6.787146115496043e-07,0.000439647880051431,0.02878387026379211,0.0630579113002253,0.5496068697545717,7.854106785253512e-05,0.10329179618575554,0.004021574460978633,0.0012238159408084698,0.006974870332470005,0.12573112028696823,0.009460034525659288,0.09531437852300288,0.002020330809393648
635,0.0005596901387965921,0.0038681299567276594,7.643461249663223e-06,0.7071218877401347,0.002006723345744099,0.002384357527623174,6.331913424600577e-05,0.0016176931536092504,0.012797412980106292,0.00022407650806544757,0.014061836666795561,0.2429080421174206,0.0029061146326118193,0.002576382536980653,0.003533258693495285,0.003363415387750776
636,0.004349762621751692,0.0364770451876935,0.0009566361199298644,0.0003292977235038179,0.0003345791074351308,0.012391803501044416,0.00011220485636192622,0.6344296489894129,8.851359086852743e-06,0.0010990602401350863,0.16806794351037763,0.09483747563202322,0.0014691197711406113,0.015557374132545484,0.01881083646377837,0.010768330997974938
637,1.0052099504045899e-05,0.005539455586098977,0.000574172320136428,0.002087554943467642,0.10694142725697786,0.05160608130105872,0.0008007416446841203,0.00045595214997879325,0.001819437969470645,0.005614372942629451,0.05146885785274303,0.739669413522618,0.013344798035604236,0.01772108874987488,0.0023329888398491323,1.3520368499518767e-05
638,0.0002194181633301432,0.08048484154002845,0.0002427473304138595,0.00025615525324626385,0.00028072394359183496,0.00521076376516944,0.00010584683162656414,0.031037377750084118,4.956150230644851e-05,4.6807204215592334e-05,0.01186350658614099,0.07667141043478855,0.0001670214070741231,0.7910779919345524,0.0014929719516843121,0.000792845457191023
639,0.004180939039461086,0.07018820520823099,1.880504486044432e-06,0.611929319201155,0.12601444776482773,0.006425770584305785,0.007576756276594244,0.00011963169168197115,0.021838006853012515,0.05282205425145362,0.0011158788306756498,0.039522453464870065,0.04347517429686237,0.012834748568508181,0.0014359011012499224,0.0005188459569602773
640,0.00018593755406233478,0.5954735266794996,0.15440573520695286,0.0004750751185678769,0.015821867530408238,0.02628481890262175,0.00859252278272476,0.002373576614340712,0.0004325774950914342,0.0031265067791719395,0.03978600922348412,0.043309144877420595,0.05054468618590791,0.04511950781520693,0.011112286576198935,0.0029562731240307984
641,0.03118897227734443,0.00822519222701641,0.00028237005996152326,0.00890509720336975,0.08385249826804289,0.005667077401859584,0.0016052772595004329,0.0047170917125639485,0.0064332370579403275,0.004100262005912856,0.008785525972123587,0.011004409400302137,0.03979166914358915,0.10150750117682387,0.013651981825646316,0.6702818116265641
642,0.0005536703645075426,0.0005359678158628705,0.0007588513173725001,0.0006905756735704332,0.003087704636958614,0.46877020482001924,0.02316404956407409,9.703772860625018e-06,0.4490146890510106,0.000811536872613153,0.0005865350672723772,0.008176235235172281,0.04158821563757459,0.00197035021705871,3.836183734928585e-05,0.00024333364730317613
643,0.005064587177371152,0.0006353545682545524,0.18581995267083737,0.0050132257430221365,0.003153234550567854,0.001749641677277074,0.00028092171538748797,0.0006419201999661335,0.6443841067564967,0.002903446122590491,0.011114221091357077,0.009176472562463907,0.017258167718521657,0.01296183792723773,0.09674693977150337,0.003095949993828682
644,0.09443344379235728,0.015241094082534637,0.01297181086312524,0.4353529494321463,0.002167585818481866,0.042573787680665706,0.0046207513694971865,0.01905867314853997,0.0004948365683734367,0.023898601025978163,0.018800476456128975,0.011574411267327046,0.043930640510434354,0.23533343789776323,0.013995698754578033,0.025551856901672554
645,0.00010678570648700724,8.78212433519384e-05,2.103602479799476e-06,0.0008211761987013188,0.2716162759465101,0.0011569100655391725,0.4001156090279115,0.0008447422705350553,0.034546921270878175,6.789383599317099e-05,0.0043979947162271415,0.15037977853536477,0.13433592531031838,0.00039440790479802697,5.555743361952955e-05,0.0010701122109983438
646,0.012741397958609712,0.15793946020658323,0.0542664581702283,0.017926377803162273,0.0031875181931766165,0.054259515445967285,0.004072267522455443,0.006889319696037497,5.617913979788258e-05,0.00516487645806346,0.027211595885473804,0.01192229660970724,0.09264171066779596,0.470291866655438,0.01927888437605482,0.06215028264971344
647,0.022889716745232373,0.010938832620698282,0.001056344389587904,0.0036950331702780585,0.004804494201864408,0.030750850605955764,0.00653558111880169,0.029928152156496635,1.9956374003849856e-05,0.42320442040423484,0.005447759149462114,0.002002896884580558,0.28456684662598647,0.03410932413128008,0.009006947313150567,0.13104281962771896
648,0.00021634810521539946,2.378614879174591e-05,0.0005149485875351319,0.00010041421737054952,0.00024129033465126098,0.0001552385377767091,2.311654407568816e-05,0.002355448563480116,0.9848234199711263,3.48785674046627e-05,0.0008334827811660405,0.0010026417125669682,0.000786391477998078,0.0022290355993455258,0.006636422821778633,2.3140587567776858e-05
649,0.11243517303849856,0.015439073952802041,0.1261596921982676,0.00037429433948419635,0.0052642737060635235,0.07504713958500098,0.05643362768107088,0.001635083998614052,0.003982747493668957,0.002197037054798845,0.05439821030606353,0.13239198022329163,0.027021552070991342,0.2952769468989413,0.04479086597956112,0.04715233585755534
650,0.0013264474868142444,0.005980518669006963,0.00096691742569992,0.00023171442358040103,4.818623518475322e-05,0.007399818590136875,0.00013390287129933168,0.05152531523233878,3.558503672454283e-05,0.0012639546451837765,0.8233207366698749,0.003574339159574725,0.0034196801976285316,0.015242024714525505,0.0729804002165544,0.012550446502253634
651,0.018491792792617524,0.16274763745639517,0.0010945752822498556,0.0007446402552161695,0.0052773340668511885,0.019023108914839045,0.0017745647604591184,0.0014641327787572281,1.7256066138595244e-06,0.27017724462382964,0.042282256934853,0.03971450032874416,0.39678295634263716,0.01397816430380535,0.022111790936939123,0.004333579980777517
652,0.00014956159720307992,0.0005290868343984601,0.9783866550529355,0.000151578039546872,9.409027969201376e-05,0.00048300226053899837,8.711766469778634e-05,0.0002740469911400963,0.000147349936693744,0.00025457457895669013,0.0033003790192493738,0.01297805009430791,0.00015575006319153031,0.00021652883758614078,0.0004149550414821944,0.002377327227218957
653,0.005680882578290229,0.0012384618447144548,0.15922963885274305,0.0003436825992304384,0.0003895762717898749,0.023726865903676616,0.00253800072652281,0.00012590955189226488,9.485238612127046e-06,0.043822432395688164,0.0011893835770240525,0.000177010054379634,0.7220704984311839,0.0008403845134013476,0.028901772768623678,0.009715965335060637
654,0.0029473928771147494,0.003578819375233109,0.00011659379167233417,0.00015215981022612433,0.009035024788065445,0.022136571987911455,0.8497978023099135,0.0004208868917228104,0.00022502597098028465,0.0027971575670275267,0.001222743249353166,0.001015193479329129,0.02611611656266495,0.003996674072629532,0.0038722943724966317,0.07256961361578448
655,0.01620756292381136,0.004513362024792101,0.008261580034419768,0.3358178446798845,0.016599432883503372,0.0016497883480230992,0.0033496047092084697,0.034030338778633304,0.02455492610775794,0.007455993052735323,0.013293664765928777,0.1333310190966314,0.00336946513145332,0.39266628271126086,0.0012265631045685415,0.003672575860943215
656,0.012636104953302297,0.1097717373967722,0.003304500049572189,0.009393056679499578,0.005271296667838637,0.006735729251831282,0.0039737287698118125,0.0017839703828411934,0.00027582344717042674,0.0038955418810527253,0.01406403998554406,0.0708204933704562,0.008419651277627635,0.6886167209817132,0.00757555966750429,0.05346205450386911
657,0.012818723152883038,0.0076219471848234955,0.06900298753941644,0.0007144882764895227,0.000937982491708049,0.022225800974157373,0.0026729594911211437,0.0020131770736745535,0.00013853418944177092,0.4311903098893167,0.008585895943863438,0.003914828757246802,0.33295551665295087,0.010647568611452551,0.03801467682536247,0.05654462848063969
658,0.0037894959124158928,0.008848960891248486,0.00020540997461982675,0.0009210953671751346,0.0007577964734956196,0.059078115486253774,0.0004320279972209213,0.6798749381039462,0.0008225963788642938,0.0016460261203339673,0.019297151192651414,0.12214854124247487,0.00014060079702860683,0.07087931447278538,0.0023711414241618096,0.02878677596204936
659,0.20159677357618402,0.008687687576346487,0.00021145069666579037,0.09109079741770934,0.000765541095449982,0.02839217049265486,0.00019125522254123274,0.0281191485012512,0.00025445479241578494,0.0005841492666925891,0.006233669029552723,0.18346328467966175,0.002586601181551415,0.2021422907410972,0.004142783123946472,0.2415379377574591
660,0.001599326743022154,0.004141816404716337,0.00038295195639269017,0.0001880992588067175,7.906353285854685e-05,0.0027898436421568756,5.097736887199232e-05,0.04850403083534938,8.32835296775746e-05,0.0008466261867954137,0.8924863279307026,0.01025712744088326,0.0015440777051764242,0.009806917854032725,0.022840298061598083,0.004399264939068761
661,0.008288834506374193,0.000599781055841001,4.904598181983637e-05,5.620042336708373e-05,0.000543270080002133,0.0032161816921270456,0.0809887076379863,0.0013850484256400385,0.00011672886344251651,0.8653839969201154,0.0019540426707807504,0.0008099116779594379,0.009799649974205968,0.017190459225216555,0.00905495626374069,0.0005632243062175169
662,0.050168201364037296,0.002850281652964252,9.865068246802482e-06,0.8371564958614053,0.0061602884211832114,0.0004843225885510137,8.628090127045243e-05,0.0003289909151326089,7.848804745986526e-05,0.0008337854555341674,0.005481764502746929,0.0814978864449343,0.0006189520237638187,0.004799634235403301,0.00053765823380847,0.008907080787274355
663,0.03002496904639724,0.0026563897850455237,0.00016674614153994283,0.011074566149859483,0.0013666920773821184,0.0042916474602997775,0.00043416862894697037,0.01224023930096262,0.00017388101673724738,0.00037819795141283446,0.03202650388092176,0.8487718282001926,0.0004914059021481543,0.0017361560340169303,0.005463884512030798,0.048702774821184715
664,0.002066196194654774,0.01408824433348358,0.14402075595275132,0.0002630635703640932,0.0002992697380515685,0.0995755561650818,0.002386042623820597,0.00023758478898787294,0.0001593163610587103,0.021136313137611325,0.028807313346952686,0.002326978762179943,0.21113426289509143,0.3379112420404235,0.006639121057790183,0.12894878426179018
665,6.028049297517659e-05,4.56415630394616e-05,2.591895370163619e-05,1.449609946503253e-05,0.0002839261030802412,0.004053400279433556,0.00028369267911453484,9.641642667949951e-06,0.41152576842835675,0.017906595724650105,0.001633291804737813,0.0008805952995324614,0.5596540564196343,0.0016463630144724721,0.0019440532545045622,3.223613447354733e-05
666,3.770755510105871e-05,5.848744208085509e-06,7.595234219551559e-08,0.9872488792877769,0.0001305081381713186,2.8072355757459113e-07,3.0067904573012517e-06,0.0001568944775209273,0.011906497188450434,9.394246463330123e-10,1.4954631141553083e-06,0.00041358746173511914,2.3864234302868144e-05,5.199506051146726e-06,4.203828204069298e-05,2.4102010059684315e-05
667,4.616315758572647e-05,0.005581979252128503,0.00016399823952082277,0.00032698344794746204,0.00015930286788149735,0.02711550161765959,6.647335218300421e-05,0.010616502248671892,0.0010425686790795767,0.0005487875919414016,0.8554299396920116,0.040559770052427335,0.04256756513870439,0.01485424648457363,1.0015872272923794e-05,0.0009102229296166924
668,0.0023276465848728056,0.02338468552729907,0.013624558328211878,0.0018096836076504333,0.00028505508706546236,0.13857777705701635,0.000491297138118958,0.0017061661263907606,0.0006381040232916265,0.003889229147755748,0.1348433469688701,0.00628943858231555,0.14110597282194418,0.43097240538017334,0.04166987002062494,0.05838474456438884
669,9.078974297210802e-05,9.248490081350294e-05,0.0001357378643910571,1.6569653067372472e-05,8.723448898050016e-05,0.0010083747685857402,0.9891081595765158,0.00019343150674510094,5.231697420635227e-07,0.008863487169597499,1.0092706247944518e-05,1.7561761782676602e-05,0.00010186988501882308,5.51624846778337e-05,0.00014354538630200844,7.499687611070315e-05
670,0.0035830028111119155,0.0023946289252107797,0.0008030915082964388,0.0021038770015861406,0.0008906599021713185,0.07614057764330873,0.006377445132858517,0.07499619002521657,0.010300274157065024,0.03786677863834918,0.016695068665717037,0.006453157098363812,0.6540337179980751,0.020588375778710297,0.0010311073899239424,0.08574200597882581
671,0.0038487805452359905,0.16099845288747672,0.0009250879486082771,0.0005270634170360209,0.0018006407093359037,0.012788013854471706,0.0021086800747490775,0.48431377354860444,0.00472774814639076,0.0021357386391474917,0.09815991040087421,0.0498054692096462,0.0015814124130714999,0.1707930779774745,0.00299988177501898,0.002486261129928313
672,0.00011080482299481269,0.0009219072990288647,8.426416111645844e-06,7.976815467135706e-05,0.0002988625589643888,0.0015348135951414824,0.00020904935415784413,0.0006089218651780558,0.9798729186140521,0.0010641711409555344,0.0007650319419333975,0.0008404051898594803,0.0001682640198275265,0.013115317674463908,0.00033613382937812365,6.516357666025024e-05
673,0.012728451511074063,0.13065811582199038,0.0001578359916265705,0.0020130515717725634,0.0011349936300349638,0.004749771944359225,9.326223243359328e-05,0.010990868815993225,4.686750298556305e-06,0.0005899676771034151,0.016551626480471093,0.4214943689283021,0.0002452547152269102,0.39063906944177096,0.0021929191282002293,0.005755745894226314
674,0.0007631980931665063,0.001986221374500841,2.0269944308373447e-06,0.978791992300289,0.00041951805176131183,6.364302710299746e-05,6.158742095283926e-06,4.2804561167026305e-05,1.3222538064485084e-05,1.805835655437921e-05,0.00041851783946102145,0.016511975070836005,0.00018745179946487065,0.0006142551326433315,1.1505693028873918e-06,0.0001598484060635237
675,0.0011765622571703826,0.4315424407410972,0.0005251177561039461,0.002217905545816681,0.0002189533977827088,0.0010073775401108758,2.3289868091501443e-05,0.019239477923869108,8.360791992300351e-05,0.00012910918799110082,0.06178925356573629,0.15986128169393646,0.0011337164952237458,0.2587471273368624,0.0003632297696900867,0.06194153965543791
676,0.0005640972467276996,0.00018483065503383428,9.221471472762299e-06,4.709837536571292e-05,0.00037665942726467763,0.0011946502251612941,0.0002025489906976028,2.100651420173475e-06,0.9656887623676611,0.0012379186111646393,0.0012065803380173325,0.02218999513577226,0.0017843224146298232,0.0002232346802043288,0.004818130782675654,0.0002698962219441905
677,0.0632142058378799,0.04724470172554611,0.00957236153416763,0.038157508095932505,0.0019306151872191153,0.010209311681071158,0.0006887347974992487,0.6631875374302213,2.4825617800192494e-05,0.0013798539981057,0.02378207580538537,0.04840283319690218,0.0075001892281245375,0.03768095004695762,0.017984167136196685,0.029040129917788045
678,0.006920440574160582,0.3307018039782714,0.0006056612752325959,0.0005263667624592653,0.000443631458614626,0.008052479970796535,0.0001464578085857675,0.04988757145909528,1.3635112407314728e-05,0.0008362829018434319,0.050542871962117424,0.49572631424446584,0.0022756436662650084,0.028105284535322426,0.003900445707918176,0.021315079629919003
679,0.268258790106641,0.04101064041980235,0.008029797093538812,0.041613489411833696,0.0014032378620842596,0.005460451975706134,0.002837607581889121,0.008528493575902983,0.00011698576172281039,0.004543136623488482,0.005616601711194036,0.12154872101419535,0.02550242874459288,0.384500708827719,0.0037501130079831595,0.0772788390028874
680,0.00017452784188642928,0.04118492637981674,0.0002750786455827935,9.983279815146621e-05,0.00035205109464055915,0.005674971719160868,0.0003094047116216823,0.0010664310505448453,0.0003153230826756497,0.0011214192928296531,0.5361733594802696,0.41132363931676047,0.00014036750116458132,0.0006999083156770786,3.755297852702021e-05,0.0010512713963361632
681,0.0028488769821752215,0.0007996473694397225,4.338622570741104e-05,0.0009957002120468158,0.0006325647060466626,0.028186375702248318,0.003693509779722231,0.0020385672382252167,0.2989510522416965,0.0015146706267060103,0.01037396377838691,0.0031315654930564006,0.04048624482294514,0.5794368890086622,0.025941100276188643,0.0009258676683049086
682,0.0099403854442685,0.010646316598436959,0.1335959336057748,0.5391186420404236,0.0371016092739914,0.03634923892146295,0.001873275904909094,0.024775453433743988,0.008226867084158648,0.010354074032685274,0.006021873667902215,0.01682542477767084,0.04295399395187357,0.01322365766113571,0.03316942977926682,0.07582380223368625
683,0.00012448230837378807,0.00010103906289720824,8.147720477424664e-05,0.00014252817563890135,0.0005359906109694881,0.00025226547748110066,6.530521008294462e-05,6.0422432483353206e-05,0.9825751404234843,5.1280952783179234e-05,0.0009234001460158412,0.0023481248133691624,0.0006506858794071106,0.0003725497215892204,0.011645960442185455,6.935341332652627e-05
684,0.00987375271905697,0.02215238401234271,1.978948784408093e-05,0.034627680769439076,0.8023998535129933,0.0003320690832562549,0.0018985693222039472,0.00016868622874884176,4.3310324379210775e-06,0.11158911908131207,0.0004285407610052766,0.014380108542941627,0.00019961395206984705,0.0015002216659317621,4.7127098702658613e-05,0.0003781057243599659
685,7.430978245560126e-05,0.0001945746608659869,3.1826697406387687e-06,0.00025618204111918237,0.9803081881616938,1.7112576487471185e-05,0.0004678414632720188,0.00011234849200199366,1.5231652942058519e-06,0.01840940080456516,6.943664508570626e-07,4.591637674015207e-05,4.76089434823669e-05,4.861423421523156e-05,1.1788748922044432e-05,6.496356562390365e-07
686,0.005795552942021355,0.002483835511068335,0.0021305815440641825,0.017907806331626957,0.6258148555341675,0.00012643194213667706,0.0014911282376130945,0.00019521617104677598,2.5571121092396534e-06,0.323868797439846,0.0010084180394610202,0.01599641400878297,0.0009162306153031761,0.00044276911051603564,0.0015074939989674345,0.00031191631905678547
687,0.00016825604300096256,0.00012516244563007001,4.929086326660253e-06,0.9965623584985565,1.3968355204042378e-05,0.00035495082083734377,5.630480904716074e-05,8.084323980750932e-05,1.19601993147257e-06,0.0004992990660057783,6.922279068358946e-06,1.1350084813342711e-05,0.0007249220555341783,0.00031180761811407256,0.001044778806352262,3.292442090471685e-05
688,3.2728903537247353e-07,2.5424644739953083e-05,7.342679410972088e-09,1.5332102255052937e-08,6.449403306490857e-05,2.583845483156882e-06,2.0518130904794633e-06,8.229480519730509e-08,0.999029848883542,2.2191874619826755e-06,6.538887101058711e-06,0.0006793902912849422,8.454755010202117e-05,0.00010157854456746871,8.514774561262753e-07,5.6873915341674694e-08
689,0.34197926550529356,0.011994034154767371,0.019109074839081423,0.000360207652563928,0.0019155993485274307,0.02280602415328585,0.006798965869297401,0.04669331665428298,1.9397911830606355e-05,0.007347458270005774,0.009513757526429257,0.009518472884603028,0.03427557301512993,0.006602854620404234,0.02572357365019442,0.45534241004812326
690,0.03255425964151079,0.005778227189256048,0.0036947288757846236,0.052388175052935526,0.0051214971707410975,0.013124744043965353,0.00271200494187488,0.011211431490856594,0.05163742381123773,0.013945750066151686,0.03241763411010587,0.018744833901636188,0.14945000354094323,0.43488554523580364,0.16696343141992198,0.005370330422979287
691,8.471951922502407e-05,0.00012657744917128012,5.561942114263715e-09,0.002539861271896056,0.9646777327430223,3.457175188625233e-05,8.155733041388758e-05,7.862159800436006e-07,6.635341133012513e-07,0.03137785009555687,3.1101812185755654e-06,0.0005548719444080847,0.0002158274737727318,0.0002890231187517891,7.810030324537464e-06,5.088231205004813e-06
692,0.00017377533828970165,0.0002423277021655439,0.0018604833424446608,7.105549183830606e-05,0.00019982618003850587,0.004000510572185088,0.9430993277189607,2.492687175072416e-05,2.698623499518768e-06,0.04578205123195573,0.000772390221095294,4.400110852261791e-05,0.0019353339228103971,7.811735873820984e-05,0.001682638840567854,3.052271447064577e-05
693,0.028423418633305036,0.0731397455120693,0.057915717933434835,0.0013027236083002888,0.0003601539172837102,0.01813231396334257,0.0005470925243503607,0.1749888585755534,3.907339033686237e-05,0.0011244657551247891,0.07814327502859596,0.0653995848984695,0.004213364483256483,0.3821278892377286,0.0076793742799916975,0.10646293638674241
694,0.01709296135322426,0.6633327942252165,0.002196533503371223,0.0009973650375938634,0.0008527633439387334,0.09904503801909528,0.003988848172807059,0.006368227844773821,3.0625664927815207e-05,0.008433089564162801,0.02121556565489894,0.0646377589440231,0.017012819513794804,0.0512724030798845,0.006574147775418841,0.03694911543792108
695,0.00013074191262848892,0.04302887416530356,4.397956300366886e-05,7.608417187828313e-05,4.723140392685274e-05,0.04961551209320983,1.6959486163236162e-05,0.00010064440960487292,0.0017950755996150572,0.00015861825222347699,0.04542638638378517,0.8518627492204043,0.00042377584186718115,0.0022898088189412897,0.004539049208118999,0.00044447220514575125
696,0.003232366192548232,0.017473196035680517,0.00010191922743407123,0.0005096909199037537,0.0011181004052468176,0.02592137125132312,0.01600622492899087,0.7841227500384986,0.0002897636083310937,0.0010997623712258268,0.046833944292591384,0.04824683028431606,0.0022316062362868973,0.028978415745993868,0.01384506837520086,0.009988971156661188
697,0.7178120810587104,0.014651835727725892,0.002827528707170818,0.001354519753149616,0.00318081933492974,0.022934868607561117,0.011415331068954749,0.005311957716650627,1.6785172567854306e-05,0.015260031139557267,0.0023183217744754576,0.01148387675360924,0.026175873555726658,0.006128399930798846,0.012968279741465917,0.14615948956689123
698,4.4828699740134744e-05,5.3827973376323396e-05,8.237102956689816e-06,2.5911284136669873e-06,0.00016337922583253126,0.005567022485948034,0.974521989653513,9.71547836968239e-06,1.3318866063545718e-06,0.01845337493647743,9.657140382098172e-05,3.377058584408085e-05,0.0005445652674687199,7.964588641963428e-05,0.00034511575573628486,7.40023399230029e-05
699,0.007713148120352531,0.09734025583171511,0.03654297165736337,0.0006002814728028044,0.00046953142234649933,0.09420603551567662,0.00593892741564106,0.0033604901195380178,5.096966405774784e-05,0.0014877027713778746,0.10290743767014005,0.02890727490906046,0.04528112604229378,0.45325336196342636,0.05424532472579807,0.06769515610559522
700,0.013570264640924505,0.10949379493385178,0.01097526376341867,0.002648837924828951,0.0006270256728057055,0.09962019906641001,0.0012275459081294937,0.034620551934552456,0.0002032469561231954,0.0020435366311783365,0.04565727971528778,0.07595793975476421,0.006932815470905101,0.35473146042540904,0.0013599110274073534,0.24033034830798847
701,0.0007492861622718257,0.0030743122194377436,0.004094000577291208,0.00040370373135710985,0.00015795804250730666,0.056331089047368624,0.0022027994888089313,0.0002008736939133783,7.655615019441771e-05,0.03144568204328562,0.008037698377397385,0.0005914344801205968,0.43627391589066405,0.4256105939557267,0.017002202994899525,0.013747889075295477
702,0.02272807768258333,0.006105115940939465,0.02237960161445082,0.0016529347510149748,0.00030829217485653127,0.0039029754678503955,0.00017791126444588568,0.001975238154587103,1.600919671414822e-05,0.00531615635894514,0.006652298123598845,0.001139405630619037,0.029858143317035613,0.021225067626564006,0.8206014795957652,0.05596134453282002
703,0.00028752317446775744,0.015463319769172645,0.012673801658669982,0.00012664645273445461,0.00051329052213667,0.44596480056785376,0.0021176228200194074,0.014871058065533245,0.08526739986525833,0.04684488207892275,0.2620994102155919,0.02052154763340605,0.07182111505297978,0.019989393290669493,0.0004630974439019969,0.000975118911894514
704,0.002646578343984601,0.0022187585752383335,0.0051140370557558575,0.004260629697401348,0.0054260186192342415,0.0023378804610031424,0.0006810740347450915,5.9518000538415566e-05,0.02829575376054423,0.11309744676160888,0.00023063464216097496,0.7553035448700673,0.0029876539907955886,0.00045239543441033596,0.07550532718383061,0.0013827716529671266
705,1.873407283541899e-05,0.007207108880431284,0.0018882584027410973,0.0016675888481579087,0.00014136544810365844,0.0012107694722045634,6.027266341122357e-05,0.003482091097928523,3.283487244080849e-05,0.0005082060491101287,0.04279828288327992,0.0026917344240358887,0.9286038896053899,0.009089708608758422,1.63133455170196e-05,0.0005829116688444712
706,6.76455049639763e-05,0.009027856547719973,0.0021730540917652367,0.0012996138777915688,4.133859443118383e-05,0.009947485122564003,4.177581164300982e-05,0.007968857487776709,0.0005642268392685275,0.0002256499371949952,0.4753828470644851,0.4848028654860443,0.0004144370602094322,0.00722181601866256,9.565154495403037e-05,0.0007248886937162658
707,0.00023042941797864387,0.04803776723676628,0.00021938542608277188,0.013271206724018825,0.8431883051010588,0.002625836751686927,0.005998947945216695,0.00013714426971663503,0.004274937244114534,0.011951326423526943,0.0025490602204042527,0.03236896029489865,0.02887065369617925,0.005827810079942502,1.714712930128993e-05,0.0004310488603970468
708,0.00029657055955541867,0.0005421300025120419,2.1836073122952276e-05,0.000996317758614052,0.0016392177334510105,0.0012510213386910491,0.002573037183280077,0.000261492240346487,0.9739851812319539,0.0002299326247128335,0.0003409409927235419,0.004431977557420596,0.0036567566335437922,0.00448990336111646,0.005252786667949951,3.090231949952128e-05
709,0.0006139196139573191,4.670453383285467e-05,4.310186598652552e-07,0.0009297139967283388,0.02666694852351877,0.001768491479144311,0.04202053522810396,0.000433987666059006,0.00043985270166897565,0.9222054909528393,0.00015529869249251055,0.0002325414745791828,0.002865065627992277,0.00021369016335899907,0.0013459115308606662,6.138780353603478e-05
710,1.340667719383326e-06,0.006822310992890872,2.012684614983639e-05,8.937210895671287e-05,0.0006435635612315813,0.00015172437663083736,1.4453803849508076e-05,0.0006900660628303524,4.506110578440808e-05,0.0016723155818960539,0.0016142904677189606,0.9871435875842156,0.0002834336699104461,0.0007662310245248662,3.500713548254091e-06,3.8611851477266604e-05
711,1.1051688225217567e-05,0.0013765670579911507,0.0005708631047930712,4.996857151996414e-05,0.00011189016215128807,0.001320440651408477,1.0373859402146319e-05,0.0016457050436882675,6.602982746564004e-05,0.00028455440211503367,0.14959040543911528,0.004305586132458133,0.83812254186718,0.001740805857362849,9.181247859049857e-05,0.0007014580432552925
712,0.3687762823097594,0.009429530093794034,0.06281377081554666,0.011867430908565929,0.00224241602852743,0.09250588735418672,0.007460639263807508,0.06860190669586141,0.00010964195281039462,0.002765244969759384,0.013177248083926854,0.04455119883638114,0.01314421255091434,0.24055373789124157,0.017769537628103637,0.04423132268046199
713,0.0038262604709206932,0.0028757873501684315,1.1385717447105448e-06,0.0006555989600384991,0.003925711891123086,0.2118523141358037,0.23560164075072187,0.0022329634343202062,2.2272379681588608e-05,0.391779713491819,0.0011548637874860442,0.0005094250376948989,0.10491767707382099,0.009929278005380173,0.017896936788463904,0.012818460529836383
714,8.700258187680462e-05,0.0004383983856785371,0.9913109538979789,2.3910291568816172e-05,5.085819118394885e-05,0.0006512625666988973,0.00025142696181136093,3.630320725120394e-05,0.00026402031338748795,5.1315993349375445e-05,0.0010511211701636214,0.0026598596970548644,0.00030906986361886433,0.0003337274225024108,0.0001901046969008662,0.0022906124281039542
715,0.2915261781174206,0.0152368424161749,0.22934736197305103,0.0018066317261376094,0.004721538370452359,0.04317237896565159,0.010463740788411936,0.0007447621596727624,2.0003368538981892e-05,0.015163126065409049,0.0037555116493859487,0.006412796809828682,0.023418013330002697,0.003501668820242541,0.045233866142059674,0.30547557819056786
716,0.0014810682193455247,0.0005141107111649098,0.010912169117118942,0.0003244046840038499,0.0004557641125737153,0.011172322900351037,0.9502061481231955,0.0006704025901708923,9.165847093743984e-06,0.016061849607738994,0.0002639525706674847,0.000247888722271415,0.0023671083927418453,9.262312875906845e-05,0.0033393398422549656,0.0018816794216094733
717,0.01756982028104446,0.016218019305180312,0.0006448660105623293,0.00021800647905967984,0.0013168410094865372,0.027038495219495667,0.011895924825794034,0.0017375986916957076,9.33289433763234e-05,0.03657667962856593,0.007824891164714149,0.0462472669389721,0.001597497415246866,0.7872387686044274,0.015305857530161704,0.028476203491028487
718,0.0009884009756448917,0.000724882940043488,0.0002100300910105876,0.00014788840655437924,4.9955618577278164e-05,0.002103292952589028,0.0005333542428784184,0.05493845749566892,1.9136899006544755e-06,0.002155972784783427,0.15630146691726662,0.0006602967728585178,0.00028192052353424445,0.012144136653512992,0.7647904948989414,0.003967500282626372
719,0.00012187918051588081,0.0010233812308874277,0.9739453221174207,7.686050911876805e-05,9.955535112421613e-05,0.0021085358504758633,0.000724579753306177,6.117420914773226e-05,6.245149978902793e-05,0.00940188262973362,0.00030053504624070305,0.008367624780605926,0.00044922718776901243,7.32067660158877e-05,0.0018613011499519026,0.0013224728787834853
720,3.2923147173436005e-05,9.495011015399471e-05,0.0001461211972026472,3.520178250433109e-05,0.0006690416665118646,0.0015322911040423497,0.00010651858577596659,0.00044239349278152703,1.9803822521162657e-05,0.9888026689124159,0.004558319165202772,0.0008424993871319161,0.0023967783400795206,0.0001892998611453334,6.200026260635623e-05,6.914818735322427e-05
721,0.0026806076881584757,0.008549115577905688,7.808420705987519e-06,0.0024668022672954767,0.0006113224119717933,0.12709089476168622,5.7578954592313375e-05,0.015525256636889317,0.0020973567516858332,0.0006856203754471608,0.5537492411934553,0.11577789579980752,0.010742697710498557,0.11506139888354187,0.017483682408242385,0.027412659416746872
722,0.007151695382025442,0.6178703843310877,0.017325713095861405,0.00040896550637007127,0.00016034534766704435,0.017074940223199234,0.00024308958618002796,0.009324062981713187,6.0954597482195914e-05,0.001366880960451404,0.05672617277189605,0.20794953655245427,0.0015896426386760346,0.01874681891819057,0.00279889223825155,0.04120189421366698
723,0.3438110555437921,0.020611864406544753,0.02817645337632339,0.0033270365571035224,0.0008190060279253128,0.020730165113295014,0.0005795735022246044,0.29570574535129934,5.958393770356112e-06,0.003630959957097956,0.022057495272916266,0.01437481093199816,0.03124424527870551,0.03989441969971127,0.04619857273969622,0.12883265917497597
724,0.009566582462590168,0.0036737598363834143,0.01703894684978882,0.00036462233792107816,0.00035073499213488635,0.01676377377919613,0.0004167486722748278,0.004855969774911739,7.107841918960539e-06,0.004148104968812792,0.017060653543355234,0.001577555286814255,0.01793319068998877,0.01933562772129816,0.8533553736766123,0.03355126995466801
725,0.018523974711316716,0.013106991931919155,0.009236127958409406,0.0010476933544620963,0.00049513486510586,0.030737864100957774,0.0057212857029744,0.05592594387295478,1.1826738691819058e-05,0.012089819064993098,0.015951639523083955,0.011506528483455526,0.008180038378056717,0.014549854611549569,0.7223273071703561,0.08058807131164582
726,0.05963708266922333,0.0032014315463564716,0.020338966821974974,0.0005056123558037551,0.0010602519757619405,0.5428104180173244,0.13309402204523582,0.0015530725127430223,2.0576673595957652e-05,0.029222444998806548,0.006279514316043393,0.002281121582880521,0.013469096455899906,0.003418718571226949,0.021438670937478265,0.16166899441770932
727,1.4186992436766122e-07,1.3036287553686237e-05,1.292347093166518e-09,3.2956226769586426e-06,0.00010194633003121436,1.5620870786220699e-06,4.901437890241103e-06,2.1379396940910803e-07,0.9994162571703561,8.421934268719924e-07,6.583287150352296e-05,0.0002980225683523432,1.597265355205005e-05,7.403676897978891e-05,3.2658862346090474e-06,7.102697164388836e-07
728,4.413142549728641e-05,0.014475037433197745,0.000757328650946641,0.0009244502409993578,0.009152604077877576,0.03299685991626874,0.00047096954652011563,0.0059956857443695865,0.002354266889509144,4.6876533894519736e-05,0.6848911139364774,0.043265475786718,0.07495191587603464,0.1286109576323388,2.065966211357074e-05,0.001041758316652874
729,0.0071037608389580755,0.027044452507830864,0.001332479427085038,0.3895446478440809,0.004903492933075637,0.014624978845731319,0.0011565694276372382,0.0870282393974976,7.321161153031762e-05,0.12437494376825033,0.1784251964764385,0.08489126365243503,0.006152136146958506,0.03142217474912801,0.016875782153997175,0.025046711552229917
730,2.9328066109720896e-05,0.00016751853693591664,0.00027049030884249744,1.241654366252224e-05,0.0008376266490065511,0.0011532194209906302,6.791458794128648e-05,0.00016823290724162857,1.1485254727380174e-05,0.96614859840231,0.015771369523099137,0.0003783286128649172,0.01451729241444158,0.00017012710567605854,0.00018037851874620457,0.00011568323561068768
731,3.716842168325285e-05,0.013270619721663757,0.0016957076442322993,0.0003509776356612127,0.006891023567500212,0.021339238516635998,0.0031638656428971193,0.024927661715791725,2.638216757151107e-05,0.8483743211838307,0.022730884748912415,0.01642943140615082,0.03821034436831569,0.0021886944784154,0.0001972208714251508,0.00016649850386017781
732,0.019022887793368578,0.03170801087049856,0.0056162979642754955,0.01680842876612127,0.007989978391208009,0.07306316526271416,0.045529540698065564,0.0013237257579307026,0.009852410913337278,0.00042195428058575157,0.115557151280077,0.37828029745909525,0.02569810805955727,0.23018053481231956,0.012208729249532244,0.026738762715110685
733,6.869350461020212e-05,3.427376047160732e-05,0.00014194026069297918,1.2433942227141483e-06,4.335079575072198e-05,0.0031083752604430586,0.9874894534167469,6.15691589509146e-06,9.224664092858518e-08,0.007140754227163151,9.088406315688162e-06,2.7205480481231953e-06,0.001698117976515883,1.4547590116462592e-05,0.000204160079307026,3.694277367083734e-05
734,0.0052644928094453865,0.2363937809115257,0.015529079957459113,0.003558942426872053,0.0006627123393251841,0.03425942239522142,0.0007810628329129107,0.016436007818922425,0.0004818176520692975,0.000736990092351709,0.046013471111566055,0.029919722527179102,0.004295625668043459,0.5765655151106834,0.008644713988490066,0.02045661476638275
735,0.001111672141385948,0.00044488883936477387,0.981310730221367,0.00027125113914340716,0.0007015506577478347,0.0011600916762284411,0.0010211570825024066,0.00011546640375369363,0.00015210622882579403,0.001050593161583271,0.0028320889980806186,0.003300064664292604,0.0011828054555341676,0.0005611570287777102,0.0016632923047160731,0.003121096868143047
736,0.1055629165063107,0.05060373912744939,0.020238515473016867,0.004194713649042892,0.00043376776150012164,0.02816420745066686,0.0005055227075730186,0.4759901774302214,0.00010933109220981716,0.0010323839138715464,0.09205401078922118,0.1830723938345272,0.0015316971887715971,0.01661097145495284,0.002700467024976131,0.017195166739375843
737,2.2600839059420543e-05,4.2245239813282005e-05,7.865022334350791e-07,0.00034924066682217523,0.9965188011549568,1.8681741980012854e-05,0.0002806212678190568,9.313733914868735e-06,0.00010520167817448324,2.211580570596921e-05,0.000209276605174718,0.0003119773436434764,4.955770332704524e-05,0.0020104371098473637,4.915601777093359e-06,4.4205410805874935e-05
738,0.0012409073761083492,5.496717705967277e-05,0.00415370477227355,0.0009239612518698442,0.002024330891995347,0.0005504423308786324,0.00013677369317497597,0.0006332846268334938,0.9523698493551492,0.0007072913322017328,0.0006168074946871991,0.0002450356792492782,0.0023548640002699615,0.01020032859095284,0.023771168276419813,1.6296066975938434e-05
739,0.023802312295476417,0.0015763568349747065,0.04541534684696824,0.017586019392685275,0.008006952539133782,0.0011729503597211167,0.00025726883617007204,9.330521260679884e-05,0.09652499911645815,0.008320165968777672,0.009028822757757458,0.08045935434648702,0.00617019427466795,0.013560270628488932,0.653789969494129,0.03423569406561693
740,0.006324223628156617,0.010671560411894515,0.011250585897478346,0.007261385795205174,0.00090575822480077,0.017391054317112607,0.0010113682214520118,0.006745920875168431,2.3520352244465833e-05,0.018125454760207122,0.01576284024455053,0.0014206235119243035,0.36090265776708375,0.3170148273628489,0.12336923143599614,0.10181895462614053
741,0.014211947575569867,0.015446892691482661,0.006133300632266809,0.003389751385178085,0.5530511633589992,0.017480840843506654,0.21861129809422447,0.0004519311009465563,8.816732581328221e-05,0.05707158385379485,0.0004855233115495673,0.060466380196349916,0.014748875652924686,0.014246690532331512,0.015830847348425964,0.008284776749306841
742,0.00016326208409507797,3.076407745836466e-05,4.2354639487969226e-05,0.000814230641761694,0.00018505611613001623,0.00028087665613081813,0.00011826649735900993,0.00017946563151064065,0.9926081454282963,0.0002963169065849756,0.0014556040209443184,0.0003609062864816169,0.0001632512132194033,0.0006173727137824831,0.0026510810940826362,3.30247958880077e-05
743,0.00044899579518768165,0.002653035755920414,0.0010060179196003313,0.0058843043173505295,0.0006512118389202991,0.003325575387828233,0.00014857016175088278,0.0001698274389175007,0.9407373366313763,0.0006166259815182606,0.0122892986822382,0.012591167067036226,0.006640808196307989,0.0014175156695668916,0.01006625594612596,0.0013534649529654771
744,0.2859635969321193,0.02310891935668263,0.00044575552135441384,0.00023168653488893164,0.0013409735792638943,0.03804994028341671,0.0008437702149321731,0.0003669960118190568,0.0001557203074590953,0.010203119695348066,0.021090453473689316,0.08087561978240615,0.02842955673035034,0.008002534431291628,0.008840559153574533,0.49205076600577485
745,0.00281364366938674,0.008536830377167277,0.0051986363126396064,0.028123444716909335,0.001625380685449717,0.11428514467025985,0.0003622811522952501,0.47806380292589024,0.00010693415657724798,0.003281209964743638,0.17667514577439844,0.03861464217478345,0.038745974950544756,0.08028139569874879,0.005649427720541808,0.017636176377670836
746,0.0032130507921077963,0.008808469817928953,0.010127491504331088,0.0008338474482964388,0.0007572377401712093,0.11532921028329156,0.0037137545887981553,0.005485081968849932,3.152245019133783e-05,0.011877470270769125,0.7209306421847931,0.02412426925034241,0.04043186630429215,0.023073506738171323,0.0003130799240758273,0.030949413184672495
747,6.3860046253513e-05,0.00510336263188643,6.251726754571703e-09,0.0006777368650152533,0.9013019619826758,1.3925154877767085e-05,1.8433150850748794e-05,1.3337406554379214e-05,3.388832317420597e-06,0.09178843685659717,8.765792713570741e-07,9.471423704523585e-05,3.6742774675264714e-05,0.0008113301693936477,7.111234740580035e-05,7.798819134744958e-07
748,4.99008432242541e-05,0.004655402641406722,0.0006312697530317612,4.633697603272387e-05,7.225005098230672e-05,0.00308530893205005,0.00018605857441592513,0.0006286173163374876,5.568096863330125e-05,1.0697000029836403e-05,0.848092948508181,0.14068047066342715,0.00021501254465832538,0.0012636088344550628,1.11292103359472e-05,0.00031524693809457916
749,0.0006864386076639331,0.0033730874286174565,0.08596849746910491,0.001240006481520693,0.00015012543951115303,0.03883027982483157,0.00312369170587103,0.0007096009487045236,6.475613327237728e-05,0.041592782607892204,0.0009285854855117894,0.00023298904936170734,0.8056799143407123,0.004193647521633879,0.008471378138172473,0.004754257817270452
750,5.9187993984600575e-05,0.012432016745239654,0.006643824957346144,1.938927198315596e-05,0.00011125847978201072,0.006578388454299503,0.00017503869941238424,0.0004277415539457171,0.00015500736186525505,1.996382931327633e-05,0.6979721813378248,0.27111404334937445,0.00044445228306068743,0.0032422442404188645,3.667908384491178e-05,0.0005686216732490386
751,0.006714257696566814,0.020040824543792107,1.1640476804411156e-05,0.2656721281662413,0.2569613953889317,0.03853240187102983,4.57843359498072e-06,0.0007720368798506258,0.0006454322017733976,2.0841352330818095e-05,0.13208521413282004,0.2640107598075072,0.0009565611180465832,0.013365815270452358,1.4008655227186151e-05,0.00019211313579595764
752,0.015698334984904805,0.08937190939118383,0.0004118144670887392,0.0004404015795077128,0.000271988728133821,0.05439093427861406,0.000534439712524027,0.0112692711093359,0.00013536710808281164,0.002993882792263319,0.08941889166038114,0.2772124161905678,0.0203591663040231,0.4091559459576516,0.0026445736960993265,0.025690696883541867
753,2.1382884306063525e-05,0.0031001825722968925,2.7456442901054095e-05,0.0017748328218064764,0.0510762186544568,0.006830834262318648,0.008337488367662588,0.005425249528007707,0.8405605013282001,0.011540605640038499,0.008405254266987487,0.00039435987083734364,0.06001436476227142,0.001821019870464981,0.0006459216983676612,2.434711305101059e-05
754,0.2042019708223831,0.058075338740506646,0.001651611190279189,0.0011222512716946038,0.06376916099838306,0.05844109841668158,0.022938803672121623,0.3645112997410972,0.0006895537544995698,0.019613557729640477,0.02051904189220404,0.03892753427064485,0.008491721901585435,0.05274397968161695,0.0053675580232154,0.07893553407204928
755,0.007292838797030831,0.02221957157709908,0.023639010810933593,0.004246077093136621,0.0015307259731942014,0.0292401088780954,0.6446630260827719,0.0002162741705786056,0.00019639057481231955,0.1759902593767084,0.012752580918481204,0.0027240981845562846,0.008937202181148874,0.040817487869928774,0.018250916486425225,0.007283424830583422
756,4.6986167122232916e-05,4.628031516843118e-06,0.993358945043311,4.383964534706449e-05,3.4842921944177097e-06,0.00034971018404234846,1.993684119724735e-05,1.4811954173243502e-06,0.005434429215591915,8.422718323195381e-05,0.00011972656487006748,0.00013908269595765162,0.00013926634188161696,5.7327123574590964e-05,0.00014843318055822905,4.852435233493744e-05
757,0.2265456937720285,0.021761853796895863,0.07926507428681424,0.08851091927333976,0.0018693646318575555,0.015278059252974473,0.001780662675623467,0.007486442725697786,5.147533530317613e-05,0.003729466657053055,0.0034430653042078927,0.015300856024793072,0.01843813900046891,0.3851517666794996,0.004728231034304551,0.12665890203050625
758,3.2102415439801584e-05,0.0015282420888857865,5.826007100357731e-07,0.9930003549566891,0.001211261192964004,0.0001463846130982514,9.298152568032308e-05,6.899642516123273e-05,0.0002541200121891388,9.9254511703426e-06,0.0015998243460971547,0.0009182418087281895,0.0005308091250433116,0.00044371800928652664,0.00011349203457088469,4.8964425560747836e-05
759,0.0038029795382801706,0.017227261738250725,0.00028539569901831326,0.082616719704462,0.004399980905214499,0.014770444224391924,0.0025084609614334933,0.023184983736477385,0.0016716929589990443,0.004803370324182969,0.6651621141770934,0.08732364179301637,0.029854935682794573,0.043705047968585174,0.0006367040198300715,0.01804626821649617
760,0.01916267584498295,0.0029918746116562667,0.01954959845759384,0.006652940125756983,0.0005846588383393263,0.13005508452358036,0.023986240590483154,0.007484685366794996,5.331220204042348e-05,0.07335576752184794,0.015414308699253131,0.003176848873695029,0.20846731870067373,0.33746007642829645,0.09312904735976901,0.058475583702617906
761,0.022317802744146388,0.022802155542895743,0.0003213135666989019,0.13121992360483697,0.012581118779052936,0.0028143409516778444,0.001148465761608106,0.0637606902944562,0.00024113771816939363,0.0009384339433964489,0.018165813846563676,0.1841321063896824,0.0009397050520634115,0.03578901971087585,0.0007148311140079652,0.5021131254090473
762,1.360344717228104e-05,0.001225572336958614,6.035991608662176e-07,0.003816046400384986,0.9226991195380173,0.00011707214919153031,0.00016311441110298367,6.502466220404235e-05,0.00011312608143407122,0.04525536157998076,0.00032638673307025984,0.012378845595603465,0.012985356577479922,0.00057199417466795,0.00025129099951876803,1.752559895283927e-05
763,0.02296574162862094,0.08684242091863717,0.0008522457840832113,0.001623122312764201,0.000759138648141689,0.026205447479376323,0.0001022684401651973,0.34400712259865257,5.6239534610587104e-05,0.002106500865891568,0.07757690792662177,0.054059452248524355,0.03847336002512339,0.15992614318575554,0.06446155093894437,0.11998233331857557
764,0.015348466536093083,0.08765956515789067,0.008282702610804922,0.27051024192492784,0.0003255824864339289,0.02647768342935437,0.00010989698320053911,0.01442909804301031,0.0001681874376716073,0.0044712802036573724,0.025991731303929802,0.09280152589689766,0.010741053001071806,0.39445062339749765,0.0005076432470644853,0.04772471779744303
765,0.0387740603958008,0.016645580109582295,0.06710254089924929,0.0005707710033492975,0.003248480721948027,0.05120682597323119,0.007828986850510105,0.00020077195394956692,0.004600800392188506,0.40275445169393653,0.008790846143673533,0.003546253413382098,0.05016668207183684,0.06750089034359963,0.2540374707800154,0.02302459520692974
766,0.0036062493944177274,0.006749237509155406,0.0024974419132154095,0.00012893535516847045,0.00010179577198609796,0.006608945545062938,7.373213818094381e-05,0.8850162038498557,6.34267977441771e-06,0.00029906778869104994,0.05461832443370837,0.017929120255964687,0.00039550608999692024,0.014328958490416552,0.0037111101308974445,0.003929091034677244
767,0.5506344152261791,0.0001846874841953802,0.05744624560434264,0.021007215568658304,0.002724975603411242,0.04655698296841502,0.0008564356392864062,0.0023508108330317612,4.333538205967849e-05,0.04244061099256979,0.027089765862358214,0.0018608302192398736,0.05841671453612289,0.013225307762921272,0.060875644082540904,0.11428606979692013
768,0.0014553318080846977,0.06022699260390014,0.0018152827311079813,0.1584725728585178,0.002320817784757748,0.021639141247031365,0.009479645267890344,0.0050457809048956,0.001793070436573629,0.00028629677718786377,0.001230817887359454,0.7034386781039461,0.009370276302242943,0.009533269383218442,0.007050914561218908,0.006841075017630521
769,0.03435235418911837,0.01568096611435688,0.007941201233439846,0.0002882316716424005,0.0008715015543443465,0.21344877076997112,0.014233542266820406,0.004017521459480269,1.739022541097209e-05,0.014292083457430159,0.03132852394975715,0.005316426924901064,0.02475204385552262,0.47101701923965356,0.07694096076920115,0.08550155651780558
770,0.017667102854667948,0.12819109499302406,0.0090205430238724,0.004549687478947184,0.0016544082848894527,0.053173869272776134,0.0029790706800250748,0.0822833904985563,2.329106899518768e-05,0.013367597122315111,0.007850536444973475,0.008983078215744,0.08308281706162542,0.40521073627622717,0.14429769941292409,0.037665030681034536
771,0.0036566537382098775,0.012901855264682077,0.0020610852452047274,0.00029784882932627836,0.001163060190215833,0.035394328025314635,0.00022776391657403037,0.0035727806954071227,0.0002459706720404235,0.0032444469903760227,0.16650508556223986,0.5563725654571704,0.009504092808618629,0.00785635286745717,0.18860709817266774,0.008389017253433027
772,0.0008553984120117205,0.006729310530317613,0.004118022333493744,0.000354817124384503,0.007978206064677574,0.00940295072000683,0.0038987741573821046,3.8756642760518367e-05,0.9322491852261791,0.01198355429740138,0.006590099373442046,0.00412200497280847,0.007231492004692974,0.0014905686641194045,0.002494652386719241,0.0004622379443293978
773,8.984621543792348e-05,0.24356930751338746,0.003152849366685181,0.001031543021253543,0.0001409494229189929,0.0049322020624714535,0.00014982455695384484,0.5713193933397498,5.613037025024062e-05,6.122866184990148e-05,0.09262028202632915,0.051729047098028044,0.0005564264284361238,0.010590398163826486,0.019164233850506123,0.000836320631392732
774,0.0005685039394302214,0.000448155112770005,0.015754524397882642,0.0013181226941289701,0.0028854032443080217,0.6388550357266604,0.0011116338337245812,0.0006064291406530903,0.007425923438715856,0.003776872302213747,0.1165096808084697,0.03422861539491173,0.1602772574504331,0.01613296050460058,7.179691581754675e-05,2.910908850502714e-05
775,0.0024503116556304346,0.003875393805759284,0.0003068288500493039,0.9520799740134746,8.911117700093174e-05,0.001638031016440917,9.252023539289245e-05,0.0027625913929929156,0.0008394114855245481,0.00021521241057774308,0.00015048837204581535,0.03454504871618103,7.770681855015149e-05,0.0003864420887271608,0.00015465852912057362,0.00033632522204866803
776,0.042142680708910876,0.06915348569401147,0.0068264174841346234,0.0016302902235560044,0.0012152948428892783,0.007694603985688375,0.0005192906887701669,0.0017863936589505292,2.198097831568816e-05,0.0033802074649570127,0.01791291792379369,0.031494705830579554,0.006668573881515612,0.6800636745139558,0.045466989250914434,0.08402253497555341
777,5.640829001924928e-07,6.361176094506974e-06,2.6347328550630904e-09,0.005716617169039461,0.9815327381905679,1.6808908152069305e-05,4.9930479922348415e-05,5.685054339454076e-06,1.7303003701040617e-05,0.0014705548132441777,1.4485163937230992e-06,4.810254168490635e-05,0.009729250570036586,0.0014015308152701056,8.849650384038086e-07,2.213400955790183e-06
778,0.07085430811819057,0.0024162255075516463,0.0018223235638172542,0.003900461483392457,0.00826374579441771,0.05522678372327238,0.7461931237728585,0.00048636182636573624,0.00011307543120886237,0.08807213455953802,0.00013086384650856593,0.0006623948028514725,0.004876864308950914,0.0002821659688750722,0.0068759782560762275,0.00982314338105871
779,5.756755282001925e-06,2.1487508009913388e-05,1.3586422815507217e-06,3.3925476230991484e-06,0.00020583625660488923,0.002893653445043311,0.8981216966410012,5.024976004372367e-05,3.2930727677139565e-05,0.09799602979822765,4.005743235326307e-05,3.617706997121181e-06,0.0005101492992941266,6.129289478193647e-06,0.00010297559870649848,4.650583997882364e-06
780,0.11462848096053899,0.05661300703776709,0.06744767845774384,0.0005835299740244696,0.001311492996459211,0.04548329888762271,0.0036484899557798654,0.04334623164966314,2.273087512030799e-05,0.010153576895462946,0.03016591045329971,0.03517283181193378,0.024093021331973052,0.0825069139441771,0.06308653776061597,0.4217363152069298
781,1.1096065345524544e-05,9.107895456785371e-05,0.9951343729066412,1.377701730779596e-05,6.954426063866604e-06,0.00016303647703975438,0.00024047997824132208,3.812830994178608e-05,5.185962227410973e-05,0.0015464781734229778,0.00019464645869685915,0.0013167654598939555,5.928850597305665e-05,1.2714054692999064e-05,0.0009379635112608636,0.00018139233031127508
782,0.015456878872706243,0.013603691535325441,0.0097872701889204,0.0005911286577285867,0.0005262491445851626,0.009720730236143562,0.0025757987879019167,0.0009777493796727624,5.178536950914341e-07,0.005031373570005909,0.0018338150892635997,0.0012951161877638355,0.008968541582770818,0.00563542664615977,0.9014270161693937,0.022568715659287773
783,6.309411164790838e-06,5.411000734372667e-05,4.062410830462767e-07,6.018369672127742e-05,0.7206126358999039,2.076092137846791e-06,4.772479927945039e-05,0.0004671358597478604,3.1191552452840035e-07,0.2779963443552432,9.309798270265906e-07,2.4527995740252693e-05,4.410240420173244e-06,0.0006978075253828296,2.4978882560403906e-05,9.218933942136671e-08
784,0.06841531897720221,0.09375621923772859,0.0007721446988148254,0.002347704733879577,0.0041554165406905335,0.024673890901944176,0.0002752741761116458,0.3162160467083735,2.4360842974021916e-05,0.0012008987085140328,0.00971866144831569,0.08673933765228103,0.0022844027661366698,0.23352595823869107,0.016549837837480656,0.13934453934552454
785,0.00010469920801732435,0.0004967638232916265,0.9731815666121271,8.935114787295478e-06,0.00020709172238691877,0.004305399129932628,0.0004204415512030799,5.5504785228104045e-05,0.006504944601539942,0.0008747399538017326,0.005052413613089526,0.0058903942475457445,0.0013668582282964394,0.0004894341646776047,0.0004565360734359962,0.0005842907240615977
786,0.00834202719144562,0.0022536687423591914,0.5494086442925891,0.0021304017342145144,0.018488162037151108,0.10494198750359962,0.030487597370363818,0.013640284272473532,2.5805850173243506e-06,0.028540736317228105,0.0001937980798077459,6.827365662097272e-05,0.03106342306698749,0.007886175478556304,0.2004439937824832,0.0021083067635397114
787,0.00023948831235703563,0.00012405021201607693,0.0011005910977600457,0.0002307888680203498,0.0006384378356173216,0.007581017586928124,0.0001338945824164004,6.192700532050049e-05,0.8749417456496632,0.00020533894692940889,0.0011100146449315074,0.0018000772878725864,0.09704292465880271,0.0012357456054611746,0.013198125584652953,0.0003558240454636104
788,0.017811788460615978,0.034132572983638115,0.017072781225207816,0.00014810025370554252,0.0012255908383060636,0.5214110899711261,0.0060038980871222345,0.005522921112146295,0.0003433659531167174,0.0026062175033301255,0.025855226652935517,0.04207962643079885,0.053158421503753606,0.24585248975668916,0.0009309002646819998,0.02584504189489894
789,0.0009934423273995352,0.014582555214950227,0.0003305269068847352,0.6678149620692975,0.0005305092512324237,0.014011529763771784,4.5671529773875786e-05,0.07696280558059672,2.425674762271415e-05,0.000440803796702598,0.06328768547163821,0.14672556943509998,0.0007317281805407018,0.010922357519591917,0.00033935964848900296,0.0022562613933653584
790,0.005669924145390012,0.005597201346402179,0.011553948892902219,0.00021857788343794573,0.0006593222538830261,0.038949098706756495,0.006300258456061598,0.00012673376390760345,7.866244538979788e-06,0.12284938881039462,0.0034086383919505604,0.0004011555240976893,0.755140174590953,0.0058240177123195375,0.0077378632190829655,0.03555582340835419
791,0.01507831343307737,0.039810624802765746,7.854071203079884e-05,0.062170341839772075,0.002429038277556412,0.02721485672041579,0.001285622763230169,0.006720453054144139,0.0005280304179348311,0.0014382092106820096,0.006088523759493932,0.6910677706448509,0.0008920454685067121,0.11693382897593842,0.0022596502384710157,0.026004156975926007
792,0.5427554744754571,0.025831944861412666,0.000230885886507026,9.380440596727794e-05,0.00033887794231539175,0.008776276064371263,0.0010285511490471606,0.008704539294542537,9.475121780558233e-06,0.003104354796419634,0.012975937595507988,0.08973475850365352,0.004748904651232338,0.02371633306063523,0.16771918401413666,0.1102306947122233
793,0.004195993974975939,0.027108930289431708,0.0002893122815991955,0.0004325174743022143,0.00034504522403302915,0.0029994024280492982,8.064512014252021e-05,0.7691720131857556,4.953683028681424e-06,0.00040919445591920645,0.0767326271236011,0.039122737305141236,0.0002676316201172569,0.03225148447899647,0.04238992172281319,0.004197554029711497
794,0.006689553159505802,0.06297827484260798,0.106622152516666,0.003279467284845805,0.0022746534493744267,0.008172687260159454,0.000691578013061747,0.0074245740467037535,8.347382767276227e-05,0.002543398699016689,0.025777093684552613,0.011679525360346712,0.06898231610849272,0.01406507629443234,0.08288536618255246,0.5958508049951877
795,0.014355003046716167,0.23956820671799808,0.01939506884329148,0.0006431518219607315,0.0006125527833903637,0.015421025248403468,0.0001768144169667239,0.01596164396977863,5.7577586679499525e-05,0.0008825391548163337,0.08021409385413668,0.14537678023099135,0.0066941779106949,0.26338682566891247,0.0024117255553196527,0.19484280927045236
796,0.005088920318681745,0.5025495548304137,0.006133485178717634,0.00043772378317178756,0.0007206786384036785,0.010922739535303939,0.0021045768846579094,0.009025299633801732,5.64387505351332e-05,0.0017210626765943556,0.009042249700339395,0.040526530766044275,0.005692444499759038,0.3922080773426372,0.0012088338763041123,0.012561400727494898
797,0.06407473356773821,0.0061989598414263535,0.005652995009176447,0.0016228796786913009,0.0010183985188088546,0.06078917664993247,0.014402958467446391,0.002404809339518768,0.00010769503495668913,0.01193818110850818,0.012311212545400654,0.009208705625549044,0.057343666129176525,0.15131196323387877,0.10631875187463716,0.49529486038498555
798,0.00035670497214629457,0.0031474842084311836,0.9438799191434072,6.0078719901828684e-05,0.00037787314879692013,0.004458207877305148,0.001610115562373821,0.0001858070984719923,0.0007621836851780559,3.8894175534167514e-05,0.004644558125312815,0.029135852855746092,0.0003803219846390761,0.0026546636041963464,0.002391450542829644,0.005915834359000566
799,0.0013805006906657978,0.0185305889920231,0.006903959734973013,0.0011975992332407923,0.00043973821901714037,0.018674021468334936,0.0010110700582406163,0.36393277923965356,2.142595674375361e-05,0.010769562435799806,0.13578355252165547,0.0015440009834550067,0.0730298011146102,0.01951095546633301,0.33990013457747836,0.007370272087083734
800,0.003235565782410472,0.00019854609454051904,1.6893261606469047e-05,2.6869285611164625e-05,0.0006486327404579788,0.008422961842986975,0.022772736322248317,4.1065326665717047e-05,3.924278148530241e-06,0.9598687700192494,0.001142674056588489,0.0005470164457896876,0.0017683413324846508,8.662409383099133e-05,0.0003787514694506256,0.0008406266878259866
801,1.804220042341384e-05,0.004300345308209527,0.00018728166383512549,0.0033744807364101625,0.013062595130602369,2.8891686429643952e-05,1.968184564966314e-05,0.0008325204655445764,0.9666435799037538,0.0001248846780973051,0.0005194074895091434,0.000523502192050092,0.00305268856308849,0.00606390171570668,9.08455951682772e-05,0.0011573617464340712
802,0.0001997929747535987,0.12532953829451393,0.0019963304448072866,0.0006552335620488933,5.218287069608111e-05,0.00719760386091257,2.3360028420254092e-05,0.05586518056669876,8.651953808214015e-05,5.2622333734599904e-05,0.08090034320160591,0.3615044572704524,5.374738089807123e-05,0.36511619955726665,3.810428231376328e-05,0.0009288011741962657
803,0.07276302577173939,0.063486242159923,0.005616076056691495,0.0006357982405558703,0.0004968103757220047,0.1217715984696824,0.0005218236783953803,0.26310426582483165,0.00014098499753070529,0.003311260159765305,0.07566398610060135,0.09956516079645815,0.0027758708028127045,0.1523489569682387,0.04742867727090764,0.09036948607892203
804,0.01652890678332267,0.009853417213162326,0.0031817138113710963,0.00024385436164683124,0.0009313244370856593,0.08280536975307028,0.035972879758810396,0.06202941849016362,4.044852430798845e-05,0.00891571510056439,0.013131763572973498,0.011261918050663471,0.16763143601578442,0.33781194787295477,0.04441315866352261,0.2052467313628489
805,2.1426935861405194e-06,2.6866330787296233e-05,1.2897120702711344e-05,8.654587739684208e-06,0.05928716499711261,4.196792242451533e-05,0.0005284217291964989,2.760668040856288e-05,1.8628320152454284e-06,0.9045358629451395,1.0502230072471483e-05,7.759701061327534e-05,0.0002441946180186826,2.7594354309027915e-05,0.03516582498479379,8.504731759402119e-07
806,0.042144898994794615,0.022138279447726585,0.0010022142745276493,0.016244067321583816,0.0007878605178140521,0.021812194184469686,0.004841519819991531,0.0031097847783445624,0.00011558359425216555,0.005911013439067565,0.01689904906589464,0.14671704437168354,0.015089011174876685,0.04185997140604427,0.015235075695649664,0.6460923979788258
807,0.0005081021985566195,0.00019752263326049832,1.0011400953148973e-05,0.9976720493743987,0.00010257302367686461,1.195712742906724e-05,2.091426987487969e-06,7.254427149332597e-06,2.644249200577479e-06,2.9748890440423514e-05,7.672368942250218e-05,0.00011615478763191585,5.9821905159130485e-05,0.00018521781023953941,2.569744730356112e-07,0.0010178886648015066
808,1.2926798862191337e-07,9.014740713493749e-05,7.759784798778316e-08,0.00012501419702598668,0.00013434801590675745,0.0002808072059571029,0.00010038627699649665,3.0255817751849967e-05,0.9970560356111645,7.302607499082295e-06,5.1697282201337144e-05,0.00027563827505601543,0.0014130020118259775,0.00039533044686016475,3.957474875157862e-05,2.455748282153177e-07
809,4.063932786496401e-06,9.814290114964388e-06,9.494175462606932e-09,0.00014106433709335902,3.919575095283927e-05,0.00022682535730625606,0.0001392571988823869,0.0010593419510084366,0.9907693326275266,3.78562565258333e-07,0.00011817396449584217,0.0004899040701944178,0.00011512312955919156,0.002010232955826756,0.004869907512969343,7.3874185032415785e-06
810,0.009043871151590489,0.013119167842240634,0.12597240546005772,0.00014093608123195382,0.002495104145337567,0.048587172542385135,0.564703923522618,0.0002790483701218872,0.00010355904427333976,0.017409399273146487,0.01883104412240077,0.010760147806546284,0.034412583435443615,0.010226161828339249,0.057544891325719966,0.08637058488312872
811,0.0015311703147431906,0.0015120725383282745,0.000527056398464549,0.0001719478612191076,0.0005433445663152043,0.05544598140522748,0.002922570577004543,0.0002538546683060635,0.033540233080728205,0.0024944339647746203,0.026078256712939445,0.017358292027340416,0.8390687638209818,0.006030550885573821,0.0005513217065255149,0.011970126517420597
812,0.0021276399542829835,0.007358070751877674,0.0003843542137824832,0.9279129870067373,0.004170186744965958,0.0017023914915303222,0.0003116401816169395,0.00028168312709335913,0.0010835775378248316,0.0018587616658325313,0.002497444610010317,0.021181576257402458,0.006036603422136675,0.020718306231311105,0.0006173066946871992,0.0017574958614052089
813,0.012198385950279023,0.00679734830662682,0.0010698508661427485,0.000432414538750234,0.0007885146491546776,0.006681597272100097,0.0020164407720320364,0.03545476474879692,3.5690210148219445e-06,0.0031463271790028876,0.014055136470203941,0.0030426184325314724,0.02050002602048123,0.012190376385678537,0.7517384534648701,0.1298841700211742
814,0.008377133786321092,0.02297482000525434,0.01949233548291302,0.0009374825624644939,0.0009962134028912416,0.01023589361546872,0.0004779148106425408,0.011501664287368625,1.9705514691049087e-05,0.0024088766545139555,0.010516739415129933,0.003668596731379499,0.062106765985601546,0.01882605409312801,0.7944748005197306,0.03298497524276727
815,0.012241179961708277,0.0014693386482552099,0.00048685954908573534,0.001205114074942792,0.0007412911721447046,0.0068566784791145325,0.0005331361213443696,0.006373621243310876,0.10332224673914557,0.0024175701792780546,0.06023779985110298,0.13917629040808469,0.5778007034167469,0.04948419241289702,0.025915182290856594,0.011738774142945137
816,0.015115681956759192,0.07705849702038807,0.0014140304120105374,0.00036392829230465896,0.00039376711550646534,0.031202799711715114,0.0009509799540852283,0.003774919290009625,2.531052688931665e-05,0.012054505941819772,0.032433219742627147,0.007430889861017985,0.1987153648778518,0.4468188808565929,0.0179971748134745,0.1542500660481232
817,5.1952101538952776e-05,0.0014275518076584148,2.73227254255226e-07,0.012242152169393655,0.000507952718893597,0.0012279818488936246,0.00042301641752460226,0.020181508425011655,0.8013175398267566,0.001082972283953835,0.046041788983426375,0.07555663231092281,0.0009711981459326488,0.009587732539560733,0.018096919031785254,0.01128285902011475
818,0.003591255131416057,0.0015192806930074318,0.0076190946743224285,4.1161046188643995e-05,0.0010681726074132656,0.009825433305536818,0.8344053289701636,5.9735785628620444e-05,2.8380812647738213e-07,0.13472749082406202,0.00012994433211337267,0.0001382411366506323,0.002487476541730443,0.000642909526363737,0.0025304415034659794,0.0012137461758779879
819,0.0007297364457747835,0.00029868833503368626,2.2298741157176245e-07,0.05860446476708374,0.00012660785430028878,0.0022092786219824593,0.00014207497630553548,3.5149574938210666e-05,0.9146373661020212,9.058242459096153e-05,0.0005828146079884573,0.014146552574215933,0.00022357366285501677,0.0034128881337454993,0.003517203650471607,0.0012427539639499655
820,0.0009806345373436153,0.011755398126209085,0.0004406821025024087,7.799720504873985e-05,0.00022015241112234688,0.0032906039204065795,4.947775079962962e-05,0.3054875519942253,3.262046895938403e-05,0.0062328526614379215,0.5872171081809433,0.006475268171639391,0.010871743109123769,0.024380013123340212,0.02976863039953369,0.012719266302344101
821,0.0020037786363812154,0.07586784405321094,0.00041637297177485013,0.000621085663146334,0.000364944940812801,0.003678548454803411,4.890281202229401e-05,0.7457548969008663,6.2888466039268535e-06,0.0006021825789007854,0.025859677245675478,0.06194010017420539,0.00018493370269589924,0.06584598657090934,0.007370687088187771,0.009433748587892397
822,0.0036396904608277203,0.19429196916175168,0.0025235324878380974,0.012648775406193712,0.004233143495383798,0.012692067476837777,0.005785629945043537,0.09778606600738787,0.017444293980750723,0.0008148788237365479,0.026602862671733236,0.4509749791049086,0.0071274697555757365,0.1604529158452358,0.00023600095726660254,0.002745691240572338
823,0.0002707588934552454,0.0005154074347449471,0.9661277018094322,5.07596746775746e-05,0.00017420700773821077,0.0028163279855645644,0.0006585556717998075,6.315519207892804e-05,3.0261967085659292e-05,0.0019749047728593793,0.0010257270479312546,0.00014924177457171234,0.01657381182386911,0.0003762997989413339,0.008190987620795573,0.0010019705084976262
824,0.01007315296959582,0.00923391595450133,0.007562195154884382,0.0006820868482921093,0.0008230412063972897,0.03741313109659288,0.013996826318167468,0.010256298184215591,9.68269022714148e-06,0.007985031747033687,0.0038701400723436382,0.0005811957168218951,0.5836717215976901,0.15304977399037537,0.11537415473455247,0.04541761080654476
825,0.06991789835470105,0.0196568987680277,0.0024191217487970554,0.0003629880554448427,0.001374321781380474,0.013589063955357888,0.012227336083786658,0.3637057743233879,3.933691928662175e-05,0.05794380918370164,0.015560399558504795,0.003862386293486736,0.1504874837690087,0.09277253531549567,0.031141245037534016,0.1649393802290664
826,0.00037542739865255114,0.00024302491475276347,4.0562511318098174e-07,0.9960085909528394,1.682777110683481e-05,1.787594625216694e-05,3.5556296356111643e-06,0.00010149020346317649,1.6457540460057745e-05,3.220834460673725e-05,3.961239196951846e-05,0.0027669359149723183,1.0327362779018314e-05,0.000258856101619981,1.0725530036592877e-05,9.766637822953273e-05
827,0.0014914549478344565,0.0008456571384023098,8.037041650348413e-05,0.045697150007700485,0.7252463249663139,8.589045548622252e-05,0.0001317287155437923,0.002538056433231217,1.1623323166631376e-05,0.04003834287280042,0.0003713859453931171,0.17741977856607324,0.0012114348626102044,0.004529316106840134,1.0751791934552457e-05,0.00029071172498824525
828,0.0703196227736952,0.08605885933782484,0.02046976511165201,0.006175832966580954,0.005134445566891242,0.025124006224334937,0.009715527251465024,0.005349996202848892,0.00024150299020134919,0.004839115560971989,0.03434065473978056,0.5908719276227142,0.006467054925447546,0.03242902504939365,0.030587490842607968,0.07187517764966314
829,0.0003661871939492069,0.0020308109847853037,2.1116725840340316e-07,0.00461137692935515,4.330011203272377e-05,0.0005352028611165353,0.0006951871377285913,0.00033111505111655277,0.9781530081809434,7.660342584523911e-07,0.0005418928885190342,0.0062913379335689315,0.0007085649104535515,0.0034947437181030248,0.002113391897731242,8.288658073335701e-05
830,0.010736931580386995,0.0833859098607715,0.17348599288431185,0.0002476410040726684,0.00034684874873647736,0.029219876436640695,0.0010623360063174228,0.009476904969817132,9.841392538209824e-05,0.0013237305444831586,0.13592017637529163,0.016071495697094127,0.02251079289295861,0.4329135184311838,0.032065793910755626,0.05113361543607315
831,0.011064293120647991,0.0041783522696360684,0.7635763620596728,0.0020323815077994997,0.0008968702321771318,0.015232130171430764,0.0026079866271758404,0.0006369928310895659,5.87216400346487e-05,0.062097095610834936,0.0016627111486769409,0.001202049126190424,0.04768647185922394,0.0009285239578594801,0.0737437256905108,0.012395299453026372
832,0.00017456222266602504,0.00047447805129932754,0.00016181843387872956,2.7572439906641004e-05,7.699419594802696e-05,0.005535688930053079,0.9882864441000964,0.000494349212743206,7.707904632725314e-05,0.002469655946102024,0.0001663748654956689,0.00016357620935515143,0.0007362141655022681,0.0006872696147064663,6.801120187683862e-05,0.0003998746535521854
833,0.007070719964997068,0.0248804070618179,0.00015209225253089698,0.0007832020418748797,0.00012179389013465668,0.0038921680992090707,0.0002254735014409377,0.5018826747497594,7.083161109529143e-05,3.605598398333128e-05,0.018214555177505476,0.4120389877857401,0.0004190191389281393,0.02380450435418672,0.0008709024129949545,0.005536599967688698
834,0.034654619826953684,0.010254898713024504,0.021155741005068725,0.0025828881823381717,0.0006274291397968045,0.03134644473201155,0.0023143715796743024,0.08122443289923005,8.479065922232917e-05,0.08551957109143409,0.015054754091823677,0.0073373944970866216,0.05974875502521656,0.1523781760327238,0.28416434313763234,0.21155142288739176
835,0.1542338798537055,0.031010349452775404,0.00012841682443290214,0.19841520908997115,0.0013142010043608438,0.00880828351964746,7.263755403511697e-05,0.012763169698171319,9.662422284892238e-05,0.0011318673667571513,0.006594200990057756,0.20736079183830605,0.002937456664400231,0.020669425225216552,0.0051990702767974835,0.3492644667179981
836,0.0004888571945428351,0.12360702743060636,0.0006910252557843772,0.025911456617990377,0.0009459721485147283,0.004912705048662175,1.312452514886622e-05,0.024653710630182867,0.00023760547056785373,3.2484889929013635e-05,0.236842873947257,0.21494882430221368,0.00017413223199618978,0.35535770012030804,0.009257763735595765,0.0019247342342828878
837,0.0055724169782491026,0.04168563282683419,0.0007744246295851127,0.8129242266794996,0.00025717047092421237,0.0015759653087585128,6.935221053320533e-05,0.02316842116094163,0.00029383069692011555,0.0006150952788583332,0.014464034044450826,0.08069639935054057,0.0008446468425681355,0.013964870970780445,0.0007793489216974014,0.0023141859233885014
838,0.010830953819826758,0.0004240612302213667,0.8972681150914341,0.00018731759566891588,0.00108078942965492,0.0019151402815248332,0.00024992463435996213,5.3906952739173973e-05,0.006684582007218484,0.006541171497117188,0.004213019408084853,0.008142217816223934,0.0037151325684311935,0.0009227488429281282,0.0547624470897979,0.0030084163744378725
839,2.752814871016407e-06,0.00048794707555180946,5.0951274578880926e-06,8.98853764677575e-06,0.00039372564398878384,0.003801951674416819,0.8198679838306064,9.331919052550452e-06,1.0254640904870068e-06,0.17095184578271416,0.0010150176095476422,0.0014467850114434416,0.0004676193192801653,5.047467387632662e-05,0.0014866841738230914,2.7796697279307027e-06
840,0.22412047558728776,0.007053211493623315,0.015841394357420602,0.006698724332580019,0.0033019500992723756,0.0267971696346025,0.0020613540950990567,0.006286585475888355,0.00035017231640038505,0.004331171367778249,0.01181685712427334,0.050840921324735326,0.006471879871321347,0.02965728355840616,0.04827260970964389,0.5560982421944177
841,0.008342219898642938,0.007817304546524604,0.0006830416501551094,0.010499321954957591,0.0007532030363331804,0.011726538580134744,0.0012329420563975053,0.0007256243723458711,2.5080996537054862e-05,0.047518866532538985,0.005164463054092672,0.0005121197486111268,0.6035770165447546,0.230191966400385,0.02476354360334436,0.046466755252165544
842,6.63100719270801e-05,0.00025313651792632634,0.004385453233335791,0.0004751854979655913,0.6707229106727622,0.0010074060464102484,0.12523831495591917,1.475873637707411e-05,0.0001612779979114555,0.1838110194771896,0.0008223071623611236,0.004692857759323311,0.005430006730608346,0.00234300283705486,0.0004417086574772128,0.0001343467099429811
843,0.0008215165753404113,0.0036139590272139636,0.006329862612140374,0.001527242613427696,0.0017533621974498423,0.1923699330509336,0.010771578918347525,0.06997844524359963,0.00019138506334013476,0.05546020201701636,0.5317306662415785,0.013653694206194925,0.028767698193351916,0.01842974985555342,0.06138251928446585,0.003218156640092397
844,0.1583113466295592,0.06604573848922425,0.01930212306371511,0.016850746215591916,0.001491693063407122,0.0036244980557959576,0.0009507386732152455,0.0037609257810394606,7.093477951876805e-05,0.009310245313347025,0.005866027062674879,0.007204669812527431,0.05292104275276228,0.1155594529817132,0.001837233730352262,0.5368925636958615
845,0.15049707777496338,0.16105398085869185,0.0021410346768182846,0.41662819456207895,0.008397936429668839,0.00423762389259328,0.0003017915360224022,0.002366086968701382,4.07749784985563e-06,0.021515655705215058,0.0030283012558566668,0.14553361690130434,0.003174772490367102,0.015374007536900866,0.0005219537725882688,0.06522391552720863
846,0.053728351147704724,0.6195916658902791,0.002553082935768959,0.00037674888120505515,0.004190514073956497,0.01682906215063992,0.007306984726477175,0.002787860480739172,2.2344648306063524e-06,0.04185320907949952,0.006197171801362849,0.15083368878375672,0.004745271396128586,0.010340371615976902,0.012831962719835409,0.06583183167295475
847,0.020350051521400576,0.0038628865672440424,0.06879585773317536,0.03956011486814245,0.009374564867953954,0.03835578551784408,0.001120503216326468,7.365586571665063e-05,0.09820413446583254,0.07396968475264679,0.020296708726159466,0.3387206830798845,0.18845375636639075,0.04737501384215592,0.04352389596475473,0.007962723576515882
848,0.015404258358391492,0.058831348839875584,0.0003974278261319336,0.02195985215863598,0.000565978555391946,0.011826529843432907,0.00011959454832724887,0.603633703869105,9.108716335899903e-05,0.00020339961540344388,0.011434424250428312,0.23230854668111495,0.0009517521936558843,0.02775329329179107,0.0003852968067373634,0.014133475337453835
849,0.013314972331454978,0.05875745611014782,0.00018569305490825474,0.006478062130071223,0.6544962297401348,0.00030849671788472764,0.012722120825128408,0.00013484558656881102,3.4669190535129934e-06,0.1597396426390577,0.001073327319318072,0.07527537950079852,0.009981276124151048,0.0029348160280269486,0.0031810154116539576,0.001413137701847938
850,0.0051388342671799805,0.028343282400215143,0.10565833377348535,0.0021083011873917366,0.0012085037962618408,0.015180813986481582,0.0024606977481580277,0.0061609139172240975,0.0002473156827025987,0.007836707656731291,0.020070101191571033,0.009165604685659287,0.04001847448576947,0.0242936332013142,0.7195358578537056,0.012572607579576331
851,0.022677951222329164,0.015887455715110684,0.00018216416569778634,0.00011359260098171319,0.001276540011164582,0.014816558714157354,0.008518282463936816,0.002506139030509346,3.724373169008662e-05,0.013671254615976933,0.008233699709336092,0.0700131936672787,0.004065881535129974,0.7869585230221366,0.029874310452358038,0.021167220236767502
852,0.0051103188075979945,0.03365275163571049,0.005304989372346206,0.0038847603189693723,0.0002892158805095669,0.018506843189692243,0.00045892205427126083,0.09808854742059674,3.814737380442733e-05,0.0019041181029089437,0.020789693934552454,0.013354253465146548,0.009199462826215208,0.07651804031260827,0.6879278253609241,0.02497207875069105
853,0.0007936306128896077,0.0008177339777549713,0.0001302269963043696,0.00039437984364103066,0.0019823525457415597,0.005818985899187947,0.9357525635996151,0.0036832431518060062,3.3944583536477382e-06,0.044299315816531286,0.0002751813591522884,0.0006190618641610795,0.0004587024770158201,0.00031447312415783637,0.004453994197046979,0.000202771167493744
854,0.004456552094415826,0.0204547521384764,0.000531601399981578,0.0006589056974659787,0.00027921568971372144,0.010118760387938734,0.00016645423059776258,0.017906507960259964,0.00014139340532627528,0.0009979953742466998,0.0428448006709515,0.11500803779557217,0.0004600978617909459,0.7732273360923966,0.003433612645813382,0.009313997696359277
855,0.03590943697944354,0.027202059445610768,0.00034792684455751586,0.0013840918752647457,0.0011226559839617742,0.5179817763811357,0.019481988009742685,0.2604204576813244,0.0003863975035986586,0.0011163758483165084,0.02255458474891153,0.03823060287403041,0.004368317417126084,0.05326956667526468,0.006333295828639997,0.009890448137531472
856,6.862281356513617e-05,8.698860873849692e-05,0.0003440938088347808,1.8663848573936478e-05,7.65222759956112e-05,0.006705519280436619,0.0064591667460250244,0.008615075129543794,5.774072663838306e-07,0.9688650948026951,0.004797398265328805,8.71232213278649e-05,0.0014830982588019865,0.00149179551292406,0.0007049339109377478,0.0001952830721993934
857,8.295034637169868e-06,4.893845230798903e-05,0.0007269042662517944,1.2978925149775714e-06,0.0008329554389141025,0.0015161866850274082,0.00013764014018895958,1.4743055139259287e-05,0.953946490375361,0.003002031958827379,0.0015416183128179558,0.0002600125872681055,0.03571340924928006,0.0016011046574357206,0.0006260638288140851,2.2255617436744537e-05
858,0.07379151646616464,0.004588464687201625,1.2879360296451126e-05,0.6731770906641,0.015162030323389225,0.054403985832577974,0.0003800608579981048,0.0026519386196546587,0.00804581963907618,8.512758944177093e-05,0.03711786896535136,0.04440579057809127,0.01480969521655438,0.03749111667373525,0.019813746527815278,0.01406288258005164
859,4.1993439321000364e-05,0.00032498917925461856,3.843144413602466e-05,3.908850031780558e-05,0.00011366227498697614,0.00439905358596379,8.264102013955907e-05,0.0002712869341097216,0.025266076341189627,0.0004366611079988479,0.011374412980481233,0.00953243205920092,0.9338734711645814,0.013527361822656401,0.00015067114293346667,0.0005277094929355866
860,0.00672799237555156,0.02562586379405353,0.000493150720481232,0.0008512538431183832,0.001909436956235291,0.014818848999577633,0.0008510720031568992,0.7178345825986526,3.4680578056977866e-06,0.005656301954378672,0.02694963221585213,0.022950085006004373,0.017895352728110565,0.05356042105818171,0.055869319221369985,0.048003256016956104
861,0.0001321827401809496,0.0009376287123084257,4.663538792403776e-05,0.00232971798493744,0.373278165707411,0.001664108228593666,0.3099556182213667,4.287218861120028e-05,3.9157288076997115e-06,0.3084481058848015,8.527739849085055e-06,0.0006438410084299973,0.0016518853625601827,0.00013495180756556245,0.0007047182007226796,1.7083787950940825e-05
862,0.0005795523146390761,0.019529852832532217,0.009183487564735323,0.0004729127248339811,0.0018208857545717238,0.004189010523580399,0.00010911106607702724,0.0001200858845147713,0.0001672508607892204,0.0007053703383926853,0.011493202730261075,0.9394681597690087,0.00025011689335899907,0.0009404397531877728,2.5499003211742136e-05,0.010945007939130993
863,0.0015507784595751128,0.0058711722206236765,0.00029370252589099586,0.002549849392585178,0.001346884938849105,0.06940025583695861,0.0006835481364668965,0.16041596400623678,3.0647820330317614e-06,0.0004928348699426141,0.49994523484119346,0.021829238711068337,0.007359610249309374,0.20504383281039462,0.005614654264714151,0.017599392907295477
864,2.2316147286814246e-05,0.017799107807343215,0.0009347455039980981,0.007926405454475456,0.14977473418093837,0.0037812655334379212,0.0017011624781548087,0.056288575347786626,3.495001739919345e-05,0.05996941413157337,0.053943022838253626,0.0980383760625759,0.5481974210587103,0.0015574811879398962,4.757853903163037e-06,2.6248769295479594e-05
865,0.005214108639846133,0.01041052684796291,0.0012806024808304987,0.0008421403618094355,0.00013628077621043072,0.005471328254552226,3.125936897786427e-05,0.79680403253128,6.400729169936478e-05,3.998817493747596e-05,0.05677700127866794,0.11768855201010103,0.00028579636620022184,0.0014654013877740493,0.00017727827962473448,0.003311671252230661
866,0.00039977647899903755,0.00022410282756496632,0.0007412086299343252,0.0004739002227141482,0.00033093915990375363,0.00021211165151953802,0.000202031078107796,0.00017726722354071225,0.9599171215591916,8.978423374579405e-05,0.0034828693204686702,0.0032332773858594808,0.00033123027421374395,0.0008419384674109721,0.02890773277247353,0.0004346988553224254
867,3.175832556541699e-05,0.00035266318144369586,2.5469139851667385e-07,0.013556919693011836,0.0001281644310779901,1.8987620614090473e-05,0.0003874579814661213,0.00036698931699480266,0.9386802529740135,5.656446320865044e-06,3.573845014222676e-06,0.04498465217670068,0.00018902351884134822,4.868275686164596e-05,0.00013166044187479183,0.0011132928714109721
868,0.005505922449486433,0.0004540584872001389,0.9260909233493744,0.014826037686637586,0.000670707568429719,0.013978597890014554,0.0005459422571804397,0.0005282598634646286,0.002313840092397937,0.00028264947884805626,0.004000443864787626,0.011072435222929068,0.0020646989324633836,0.0016995359783667293,0.003168247762803128,0.012797714302189366
869,0.01833894324719923,0.007476845024162629,0.00026216314793070625,0.04959839088861491,0.1307494441280077,0.014547123386633302,0.011603940778941288,0.3024409322338788,0.2461700172633609,0.015473210688291817,0.00556877788119555,0.03994746286236516,0.012871857817901828,0.09053776606352261,0.053236152640554646,0.0011769637393647739
870,0.01258681396716491,0.01712813610070309,0.00019656563932848506,0.0006595314070137947,0.005260198034815461,0.701930923253128,0.001028426683842156,0.0030860110488392686,0.000998608266987499,0.001650713325555796,0.0755757202102021,0.06578134455437921,0.07447330047409433,0.015784895225332055,0.008993168639484777,0.014865589348835419
871,0.5830568247353225,0.08195142832534309,0.0022229892085459096,0.005100544190362463,0.0008242078990868143,0.055678339214679344,0.005039761655704958,0.0016255604271414824,7.755008740134869e-05,0.015097230720731472,0.01349090445178056,0.05535879289162656,0.03908954813790183,0.021053079307218482,0.010201623056978786,0.11013160953609238
872,0.02593267750995181,0.01183313839597929,0.0020717787596766504,9.910810094949956e-05,0.00029573254228368507,0.007769353343608784,0.0002886415239289733,0.028884153339749762,4.929071564581329e-06,0.0013590405286763427,0.028366694872485082,0.012597041456464215,0.012918500723807354,0.030064132868142447,0.614082588825794,0.22343251313763235
873,0.00013973277193455412,0.00955824829110362,0.0021996827934560154,0.00028894364233119355,0.00010537934654255143,0.009677780036765737,0.00017232968505646328,0.08631660154391145,3.0846930587757465e-06,0.001045378567404775,0.8636230419056786,0.0052517248065660676,0.0018378828073051321,0.0066911735930712535,0.008491958130895132,0.004597040252878451
874,0.06868697028267949,0.012425583946900775,0.01397171061784023,0.0015457356527249812,0.0007172955788214822,0.034241741603178444,0.0008450500343869106,0.40135360242656404,7.261588671799808e-05,0.0023835886754764194,0.039459597738086626,0.03395069993486772,0.024950714047545716,0.012035576338979786,0.08921682087083734,0.26414266247430224
875,0.006348140370324137,0.15602619364768788,0.00026048178784124126,0.0016115078691049647,0.023352772344141785,0.03310956457747836,0.0003808250587517975,0.016312217298282507,8.022554139557305e-05,0.0024559097635161596,0.07417068965495324,0.04150624188135515,0.03302615604430292,0.5142905395572667,0.026709750722958815,0.07035875706235074
876,2.561536706182868e-05,0.04923098337751923,0.009535801786524023,0.001992013676708374,0.002327660013960039,0.013801034575358613,0.006348559497826741,0.000994807027017065,0.0025263787570835392,0.08156764810972089,0.1161198173974976,0.058676731185865,0.6535212139191531,0.0030580992221124403,6.624332226376312e-05,0.0002073682958314533
877,0.0017016087811362712,0.023368822295593634,0.009912151640913186,0.0011700956978055823,0.0004040040132867911,0.017954807531293093,0.0014605197253484952,0.012064389594273726,1.4303072593455246e-05,0.004680765093829938,0.007640944935589327,0.004707818928008805,0.0032497830736286136,0.011418446633377603,0.8892807619056786,0.010970774494038667
878,2.469805467949952e-05,1.9534752552069295e-05,0.9977848929740134,8.070795507025988e-06,9.816349850818875e-06,4.9194728073147524e-05,1.2231277846660261e-05,8.724488439730524e-06,2.836512223253128e-05,9.666809945151293e-05,0.00010296367299326277,0.0014907920361886462,1.468820859846006e-05,1.1948857287784988e-05,8.38377971896054e-05,0.00025355425883734367
879,0.0010347110348040284,0.0012010677143986074,0.007633697823520232,0.036821248206641004,0.632740992294899,0.008263045369636927,0.00030138461977946617,0.0002678026251589443,0.0003314470792243473,0.0009815642991337823,0.0038979869624642983,0.2773450251951887,0.0023807521096424703,0.012189707802562058,0.014484815183655875,0.00012478003949444662
880,0.09891057974432928,0.004523969950183149,0.001956699722293449,0.0005239853445620802,0.0014204038719973825,0.16462590681586295,0.012752484501033994,0.0018738486366044274,3.288341441000962e-05,0.03407279474311076,0.015204301088321876,0.006692125262504609,0.03640589691811357,0.008399552002619442,0.12674687038334714,0.48585764927815206
881,0.00020775118260057748,0.00011883263037350809,1.7456050265543793e-06,0.003978892158710299,0.0002213570162656455,5.740548179018294e-05,2.1691206594817418e-05,4.773286469682556e-06,0.9799036846005775,4.820095795957652e-05,0.0004768664586525506,0.014031560907603732,2.3789048200192493e-05,0.00021810328036573628,1.638545356111646e-05,0.0006689569777767084
882,0.034871651376815846,0.004912879605391203,0.6724773953994226,0.0004327086066410982,0.0009507359669725951,0.009118028974523688,0.0020985405751779143,0.0001710134974464587,3.846817642925891e-05,0.016455203735938406,0.003237242138049281,0.001571352271421884,0.06048276167879767,0.005055333530363001,0.1606743962090936,0.02745226739819057
883,0.0012604105570741097,0.000703113005486046,0.0014043729736284891,0.00017120132267021726,0.003807981838845044,0.0021917224235803658,0.0021309229746875645,0.0009850670000385161,0.9337426980269491,0.0007492280960154004,0.011826052642925905,0.027088663218966236,0.0018649273697786807,0.004416067685082028,0.007470474092396536,0.00018710706106834013
884,0.004228119249371419,0.00043104281564372446,0.006603494930565006,0.030963343375326975,0.01053693147735515,0.00019016089624723773,0.00035403282214340837,0.003878556684547567,0.9020707802694901,0.0002150073940589952,0.0028315337572758425,0.007166890185563042,0.005832212153801733,0.011991525457170357,0.011830333308180943,0.0008760524210648701
885,0.01647059837151107,0.013579488470687188,5.699052531280077e-05,0.7373802148989413,0.03885226872329881,0.003985482227238483,0.009332333924927815,0.0003596481383475058,0.0003435465589027948,0.002388517139635696,0.012792172966891243,0.12660197284561847,0.0038525160173243722,0.020948143236958674,0.0005867929974977229,0.012469310003849857
886,0.006076587619518541,0.0018216672536924734,1.7417331138994572e-07,0.9890076751876804,0.00011556517818337574,1.8175945336894378e-05,1.1374293840231005e-06,0.00042638564436831266,4.434210866506258e-05,3.508264300486491e-06,7.821320083383785e-05,0.001973132631860596,0.0002381875863498042,0.00010414941165505294,5.2613972252034456e-08,9.104072072604111e-05
887,8.160608641968507e-05,0.008252506714127429,0.0020111330393647806,7.02606278987311e-05,4.722407590544966e-05,0.0009035769536729776,0.0005107248223599607,0.0004602955000137055,0.0005522809535548055,4.755734198392839e-05,0.0873746014935746,0.8641091062175169,0.00038803410599260065,0.0007387945344754572,0.033359582481512995,0.0010927705337894131
888,0.22276701447250483,0.05099208952262245,0.04503554871222896,0.0015903830875694557,0.0007038731439846363,0.004313342369682422,0.001721742108710299,0.0015955312073946965,2.112685335418672e-05,0.000985391569234712,0.00449438472762279,0.058823350134904216,0.004397717365235827,0.0074766342651263916,0.005833890626564004,0.5892479419730511
889,0.09743557858806545,0.009104089998080019,9.685944214748009e-05,0.001368536547279153,0.35403061266136676,0.015013889393765235,9.683836062566084e-06,0.0754060581039461,0.00011611118517805583,0.00011929852768082309,0.10143239030320997,0.10336007313476475,0.018980117359076037,0.2048912840033825,0.00023411711960237688,0.01840127424536253
890,9.21625957076124e-05,6.538606553485985e-05,0.001050572743191956,4.300006270452359e-05,0.00012362697555431628,0.05148810003361689,0.07210266365228105,9.16258515215969e-06,1.1127716334744948e-05,0.8571354686140521,0.0007468122959159391,0.00015917207636189601,0.005145488934321466,0.0002154715538379581,0.011483966670668687,0.00012784183118132614
891,0.0013905351017873804,0.011238352278372412,0.0010643526062074477,0.00027972529358999035,0.01549016543241694,0.018116256363541867,0.0032342145680307986,0.0006909480243426371,0.43754198958614055,0.04658485570240616,0.016507488971126083,0.015449385281809433,0.08750675667949952,0.0796236237362849,0.2610324694349991,0.004248945453252743
892,0.00011814053133782483,0.0043083727167684315,1.6222456544763215e-05,8.143403818930643e-05,1.3479899018293811e-05,0.0006804869124619352,2.456074109574677e-06,0.005202459131692255,2.7069954509774784e-06,1.7200384835804165e-05,0.017892461837474186,0.9712587842348411,1.2148120194802697e-05,0.00030684876613474503,2.2902696110118633e-05,6.393575288707072e-05
893,0.00017543752559191533,1.7729247811357073e-05,0.9966818295283928,5.0674739425409055e-05,0.00014344546131857692,0.000218785759114687,6.35202406256016e-05,6.322087019249312e-05,0.00014993260856592877,5.906416253128563e-05,0.0006888897874880974,0.0008286341920308739,0.00012261143076034797,1.759165707026213e-05,0.0003692203462752647,0.0003494405432052163
894,0.11372897206558895,0.033480703516843124,0.02260186292561386,0.0023754386829982674,0.0008571782632845428,0.06533271850463906,0.0006395751330139997,0.4475531396150145,4.817643654911261e-05,0.001421979863130187,0.021215581296405776,0.20403304536231762,0.0004869553278592731,0.055937213276227145,0.0040111718080523264,0.026276257989063034
895,0.0010469427681424487,0.01474728250337174,0.003226999100096444,0.00020786210405197308,0.00032382495895226385,0.0105437176747542,0.008541005666220802,0.0013673354032902362,3.0265992929162655e-06,0.004305772088549295,0.000707404122048087,0.0011387717261405203,0.006124446041376051,0.016230277720894973,0.9264724298556305,0.005012883377488631
896,7.336827031414822e-06,0.0003155279486958872,2.0293278895091517e-05,2.9905234824704528e-05,0.7782255334167469,0.0006203322277189606,0.009850340027630416,1.9199065718859445e-05,1.8883407646660248e-05,0.20787994449470681,0.00016320746403568817,0.0007509788732627526,0.0010349496266217517,0.0008677389994530056,0.0001898192169629914,6.039769545447547e-06
897,0.0007140875685311515,0.008935420410421247,0.004052108631220304,0.009918665938796723,0.0006406659615305052,0.06367725634196536,0.00035682057025994136,0.1397239065341675,0.0004816323677959577,0.0013121701496473825,0.6267849200962463,0.09668822409846159,0.009873396865904929,0.02817968764339557,0.00016619984731533905,0.00849480160091796
898,0.0002918288053801733,0.001140093379980998,0.002325767742333178,5.8242066814244474e-05,0.0160276584611093,0.5229446996053898,0.007746684455465776,1.03015869454382e-05,0.10433137041994708,0.008119106381060077,0.001709021575615207,7.963289764388838e-05,0.2743727871581564,0.0010106758791916198,0.05744493818866626,0.0023871839942326612
899,0.00013018026751876807,0.0003323287797101059,0.9922753518575554,9.390166045235804e-06,3.231384442926707e-05,0.0007706753685852167,0.00017565473087584216,2.1564530086437986e-05,6.848541979403273e-05,0.0001645640937404274,0.0015495979859481328,0.0023904718843935874,0.00014464258721462963,4.7579014048127915e-05,0.00027003104009634286,0.0016171972148785884
900,0.022231511327815208,0.026045329651588064,7.011226907122234e-05,0.728295579307026,0.009103152843701362,0.006541471957074113,0.0015335204050279116,5.921938966544759e-05,0.0061332140688161695,0.006049872358036574,0.0019997649779613562,0.14686297062562315,0.01727817595813291,0.019644439079887877,0.0003039314272377286,0.007847689136130894
901,0.022114340345157395,0.0040420201056068535,0.5813050596053899,0.0011743155979914825,0.001584616620691434,0.026977536510329164,0.0038463013538369973,0.0003498567496723003,3.946461993262753e-05,0.2033109167420597,0.010238727781328201,0.004369087775640204,0.08153356055807509,0.001589823314163619,0.017071028939965354,0.04045334809855631
902,0.010944790339751117,0.009049836661212708,0.0006674777395957811,0.0014539414746871993,0.0004330691848180434,0.0044180526715270835,0.00016218409189637083,0.04776271208662176,1.7536995378248314e-05,0.004486593404238278,0.03033372379743876,0.0027152832906641197,0.03684026880262406,0.025374000403596112,0.7907022953416747,0.03463822572516343
903,0.01810129997498584,0.0018225695207502906,4.7624498720717755e-05,0.0003255948249046505,0.0008998424174604812,0.03950317720649856,0.11693201263715113,0.0007061226949298941,1.689496671049086e-05,0.7893876773435996,0.000949962986429259,0.0012916098825750527,0.006156762369491893,0.0022982309556592883,0.014943298937042028,0.00661733127440616
904,0.002796880815014444,0.1516963428675592,0.0010131175251511069,0.002351031651973051,0.00012091006845043311,0.01414971808471897,9.846031755534219e-06,0.5586907609817132,0.0001458214026878922,0.00011206649387872956,0.10597626259915897,0.14357589705110108,0.001102867030360351,0.01423895643256724,0.0006314856476304138,0.0033879924873286157
905,0.0028407599386761047,0.009898257783783192,0.002285056659374398,0.0005574519341306784,0.0009540492625711323,0.11237194962175169,0.00013951447462719885,0.0049557995066025025,0.002356574663907718,0.011279687164120592,0.5762215452935515,0.0741733191584131,0.16963379147700905,0.008065843580365736,0.00025287560658548606,0.02401353642714148
906,0.0234397391463378,0.6317900455245429,0.057231141732300844,0.00035514357382673953,0.009842686416654476,0.04920979813774784,0.006249181360282652,0.0008039969915805698,0.004089602067689084,0.001235769484018833,0.006569645721462946,0.15358515927815208,0.004782229715229182,0.00824908719225409,0.0003830676210802145,0.04218370013474495
907,0.015842059051230335,0.03439464746796806,0.00042097950098171416,0.00138755177728588,0.0004830133792831999,0.023256397671050255,0.0008836534279215294,0.0636339575515996,3.086104685659288e-05,0.00224723770283396,0.02105820678605243,0.03369846130093645,0.002785522665644656,0.6998198752165544,0.02094585210546579,0.07911174434969702
908,8.221653424446583e-05,0.00014203413054860562,9.683606128007764e-07,0.999600519653513,2.74038093493744e-05,8.716847956689137e-07,7.020015799230029e-07,3.012669200384986e-07,5.595575373435997e-07,4.8709928406929745e-06,3.3227645976900866e-06,2.2344989249278154e-05,8.53848125891056e-06,5.8078218537073354e-05,1.5811021111645813e-08,4.729515315418673e-05
909,5.140754015399423e-06,5.755345817389149e-05,5.154914058706147e-06,8.577765993263049e-05,0.0012704816190600824,0.00026990483938858767,0.015263590276911447,0.00023282520515517983,4.359900689104909e-08,0.9812334930702598,0.00034497414261928775,0.00010355085045794228,9.001801536002862e-05,0.0010026198401510743,2.8008997258902814e-05,6.873196531568728e-06
910,0.0012831270005774786,0.00019718077247386206,0.012762439563523064,5.497957461020211e-06,0.00015685772491819063,0.01806337470736072,0.926904890856593,2.131406130058508e-05,1.6618486648700676e-06,0.024698583183647177,0.00034655822040519736,3.917652465447546e-05,0.009902388456728549,6.665648846991548e-05,0.005299204890086633,0.00025113230904716426
911,0.07869726870298366,0.08905121566464984,0.004921356511870839,0.0023339086755341672,0.0011714626336456193,0.018039117046947543,0.007929174741202302,0.0030119217757466794,0.0006246011823870679,0.0010813740113605182,0.00785406936957074,0.6737465280076997,0.0025937909043832145,0.004967032876227142,0.0010268099811589662,0.10295034631953803
912,0.003733284004046095,0.03307067332586358,0.0003896661881231965,0.682833914642926,0.00024947019303182084,0.0033768438613790983,3.784462035996163e-05,0.08281660110087932,6.701180145909528e-05,0.0001491784702752647,0.11954684357968046,0.04997991751801949,0.00031436862886813447,0.008107476054864832,0.0001693635496053902,0.015157521847835002
913,0.20149165987592332,0.009693641121256018,0.0033136964881617615,0.008356941850914342,0.004125065359004769,0.04468993950952,0.011904909337824954,0.004601096069952136,6.95280797786333e-06,0.07995381863600905,0.007041453340743192,0.006430565543794348,0.020515158878184933,0.0076391310346486385,0.037140747259914744,0.5530952407314725
914,7.451472564289049e-06,0.00140283628168305,7.568123371294074e-06,0.00011752200198652552,0.0005291220019920806,0.0004377413078185024,3.1016096954000325e-05,0.0007927905505824833,6.825278286814245e-05,1.8061834773292343e-05,0.007790599252950914,0.9832104078537055,3.379547607721759e-05,0.005482160591819057,3.217813669720197e-05,3.8446070320885465e-05
915,0.0003985964910490857,0.08300169325974226,0.0020035456240611476,0.00012221633066270148,0.0002009630936477382,0.0046292813104955735,0.00011937540900866324,0.00179007743183098,3.280017443503369e-05,0.0004899180144370945,0.04428413355998075,0.8547877611164582,0.0002607205923002888,0.0034526471148834652,0.00038930826565971205,0.0040369028433441985
916,0.0010269012002887584,0.003782478066410056,0.9323301786333014,5.337358894129392e-05,0.0007143620156007179,0.007874242492537173,0.0010700549621824136,8.393533052233486e-05,0.004838733051973091,0.0026660527322946827,0.004603611570825367,0.01461998930222149,0.005987984795000832,0.002402400165153062,0.015173326768128376,0.002772414898846479
917,0.0003653620584709166,0.000993889791003289,0.0006637526303099156,0.000968957550028874,0.0016684809317039748,0.016564520195209303,0.021053431157942535,0.003875418716190531,5.804257222197637e-05,0.9192974567276229,0.01223954699960466,0.015693806090400594,0.004081446895152878,0.001995776975559467,0.0002592593782371123,0.0002208198282770543
918,0.0018190449445157535,0.0003963751885641371,2.1042374448526123e-05,9.788253944177095e-05,0.02888524002194418,0.004568877177549022,0.03552594944320609,0.006469718165149812,0.000323637375072186,0.21573061640338662,0.0005188237195648509,0.00316758343331374,0.011351164945011162,0.0006669219295399422,0.6902732352839269,0.00018386740099865254
919,8.580897219509833e-05,0.00818357674002695,0.0017293212002898763,8.352527459549464e-05,0.0006806899413260769,0.0008757767771433018,0.0002887696266228304,0.002744322817902599,0.0001059457895572666,0.00025070972123505416,0.6435454510105871,0.33837531759551875,5.729217447615222e-05,0.0005336083266040424,0.0007470746959680887,0.0017128510733678765
920,2.594013702213667e-06,4.776454108758422e-06,0.9982156189124158,2.089337345139557e-06,1.0625612931857567e-05,0.00012670304292589028,5.027159364196343e-05,4.633839081424454e-06,0.0011499385333975096,1.5157792520500574e-05,0.00010539732034648708,0.00017342965819980787,2.9712080743022138e-05,6.652797690086755e-06,3.923904112608277e-05,6.320117883349374e-05
921,7.532397327314978e-07,0.11066982659266253,0.012983688676516779,0.000676600835385312,0.0005229950000086462,0.016212503377478343,0.0007034968987282138,0.18047233327545717,4.6356070567853706e-05,0.004448534592399615,0.625521327680462,0.03581507616555447,0.001892810603302903,0.00996169800084697,2.4239173764963904e-05,4.7764113185497594e-05
922,0.003842676613282002,0.030027248912150993,0.0007099132573628497,0.0010266557537644892,0.00016474858988614168,0.0030693280180947727,0.00010550584072150645,0.004529235053951414,0.0005285864004473533,6.898879131857642e-05,0.8494745671799808,0.08227178538889963,0.0015358288527430226,0.005929321941903459,0.0007673731590894941,0.01594822981426615
923,0.02091537433975119,0.0035267634322233353,0.0046379326602623335,0.0032988569266602505,0.0032811363174280257,0.08025875458090921,0.0010628982184818084,0.0012499045183879671,0.0007380087202625602,0.6551806095283927,0.030290912858537015,0.009251241462214468,0.03170549091264727,0.0112617880455224,0.12752747607318723,0.015812858579325195
924,0.7528957392781521,0.004917794434834187,0.0020888855832338787,0.008426567461213643,0.00042219109073869025,0.008824594525405198,0.00026043694067915687,0.05552761960115496,1.1204904737439846e-05,0.003312901154381082,0.011569307691562922,0.017108570288533596,0.002664766362518114,0.048681836959153034,0.013822241494511067,0.06946531729400195
925,0.009502126483888361,0.008650974418671818,0.9393647614051974,0.00032839638444892507,0.00018945403533782572,0.0067809499732435575,0.0006282680296746873,0.0004678640611230135,7.954171312030798e-05,0.001758674083368827,0.004080635884750188,0.005242790184026009,0.005146476176708374,0.003203815370266607,0.0012668744042079018,0.013308395551430187
926,4.2110863174326715e-05,8.368732361058711e-06,0.00010381270809998372,0.00016988743033694045,0.07905518111946419,3.717029605536171e-05,0.0003551044983638147,5.667316825584255e-06,1.5692356834232914e-07,0.9196722247641964,4.108043939907604e-06,0.0003053182863479577,0.00010304933266562277,7.249178181447544e-05,5.4834716309668546e-05,1.0515832978570165e-05
927,3.1077755100288877e-05,0.0556858061553852,0.001343277425461156,0.003005081744831569,0.00415037363547003,0.023641516113397498,0.0069517318866438044,0.05928012166506256,2.9182422863330126e-05,0.015769987289902445,0.45446882313763237,0.2760078946902791,0.000276398161689058,0.09904958691722811,0.00012083295559747569,0.00018829190534379214
928,0.014629505246827523,0.07305379429089509,0.18799639721606765,0.00031706224933236574,0.0011403196440060057,0.0194047826959923,0.0005954203930436959,0.0065150751365158814,3.009884330702599e-05,0.0060381844472713,0.027262046877165585,0.024488148989209625,0.09838238221828682,0.41401395613089514,0.04495674014047152,0.08117607118798845
929,0.03253156705293102,0.03904019696154891,0.020177230644721225,0.0015005315948321627,0.0010091304778796642,0.029809753906634838,0.0004445719708468009,0.06540537568238691,6.224915125120308e-05,0.0058201925061743985,0.1385456482213667,0.044489945074376286,0.011743872176169394,0.10387812837151106,0.09042741406670644,0.4151141789027912
930,0.0179654365307334,0.023064988817770884,0.0007250795767997444,0.010959031226059672,0.023821282064153994,0.05947129162848894,0.0428051285736285,0.024729095981750222,0.0009150854904716086,0.010038428049249664,0.0052873984565264855,0.09562073705967278,0.01121587559091434,0.336909410481232,0.016987913604214075,0.31948378751684314
931,0.00020752141454925994,0.004126125740208539,0.00957712856749068,0.1497799273253898,0.0005688932786959065,0.031042892716616022,1.530387692219981e-05,0.0798384195174206,0.00012925658212897017,0.0002771479370416601,0.06703634360192492,0.0013851391770878924,0.17179561201266527,0.48365511924927823,0.00036772109619408633,0.0001974277835402247
932,0.0016830562564998368,0.13308710009676925,0.0279283496905456,0.03505633235567564,0.0005242457013197923,0.0059182350510775285,0.00014744438057190122,0.20961829582290664,0.00017269672781520693,0.0007923000931400656,0.0420279878044643,0.44064922106833493,0.004827387019593702,0.08097009008469681,0.011260309651867353,0.005336904169641039
933,0.03122423050060991,0.025027994106256644,0.08354802709821028,0.0011479003908566356,0.0016456224414659567,0.04431319045335232,0.0033282765018118167,0.0005909246493473024,4.920160342637152e-06,0.007284916872354351,0.022998765848998175,0.0024727797695915906,0.0328644733841943,0.030260447448120818,0.6196275225312801,0.09366000648984332
934,0.0001362344119377367,0.000245748395193176,4.360232099134036e-06,0.00011459086081809434,0.0001976139265642796,0.00010330412641199784,4.2016979700285496e-05,9.16648895626829e-06,0.9923760637151107,5.997217682001926e-05,0.001135758213090209,0.0030792104655630414,0.0002982455931800045,0.002034236364966314,0.00010524919553724736,5.814485513087885e-05
935,0.021374985326122597,0.0007686434686953373,0.0016238216527053363,0.00036178110984761634,0.00427551157302936,0.019928908385755537,0.0034244215306641,0.00020762098527045235,0.009133677915377522,0.013580196430221366,0.016739644098556307,0.0023981905736699905,0.8235778341674688,0.003586308541020212,0.04448275641618083,0.034535681573051015
936,6.85940737832357e-06,0.37328736001924934,0.000663146587360154,0.01665591021039461,0.0029001818590952836,0.0019223887720233297,0.00036621824254125495,0.056147846373436,0.0004278739844076391,3.0014645653700098e-05,0.236157271053898,0.13581092826396535,0.17184256857170355,0.0035819479798036573,0.00015724257887829283,4.2240193191094824e-05
937,0.5638828313666988,0.007635158949585994,0.0003800683377647382,0.00046959994821944785,0.004698290109867334,0.051984736933589994,0.03662614532569778,0.0037584074844080845,0.0002544804788326185,0.24925601943407122,0.013146917025370549,0.005925883424955534,0.01447641903801155,0.012700502427333976,0.01241711250395765,0.022387412592723775
938,0.005766669781520693,0.10242150987494131,0.0002467568895126853,0.21522686073584424,0.000764104449153912,0.01847894594142445,9.748159398055796e-05,0.004198781916904717,0.0018411099914137253,0.0005682567868537363,0.023423091255268525,0.1266184993940019,0.0016869919604094862,0.4909200450096247,0.00019661440124612144,0.007544310914009471
939,0.1004563045761463,0.08938093318521656,0.007397974781503446,0.005742832165393563,0.00543709215085126,0.03944237540184793,0.00310914392442944,0.01436275128931665,3.98106021366699e-05,0.010764317735707936,0.04818839573733205,0.05869129959430221,0.03503630100945371,0.08570923703561117,0.00982671452557537,0.48641451239653516
940,0.0009842107495668913,0.0016253960607314729,0.9629338938402312,0.0007307259645043311,0.0002560118316555301,0.0011441719845629464,0.000372002908932124,0.0002789595470067387,3.782002977978826e-05,0.0008848579351400475,0.001255190159191533,0.002710837020924016,0.0016448106025986568,0.00036552490198272093,0.021600658977872854,0.003174948168625688
941,0.009225048009782131,0.2178162766025024,0.01261562212618098,0.0027963229616939362,0.0009558860065540711,0.035849239414975934,0.000287162933907411,0.033637561221366706,0.0003403905863330134,0.000249020847735592,0.10396172387765157,0.11964991939942252,0.01308229884561694,0.40840824071222337,0.002821454614125351,0.03830384342637151
942,0.0034065399975410815,0.00020192627830714207,6.378803006919277e-05,0.0002457773366506398,0.10842268837646199,0.031008769079715115,0.7790955255052937,0.0011096086373439847,9.35215386583282e-05,0.0558039429493744,8.959206552175846e-05,7.874512245495594e-05,0.015277352780185565,0.00035468127482058754,0.002526584505293551,0.002220977791330549
943,0.001621153748317185,0.015276186991932637,0.019157660085066412,0.0004163320164196343,0.0001850274272729278,0.005044318027659195,0.0002587119149080023,0.003915312913009433,9.688148263946104e-06,0.0015275012600159939,0.003129012748774676,0.002353696623812419,0.005236892754767431,0.05657245923332289,0.8776710047641965,0.007625113349607825
944,0.34708124900477383,0.12222323373820983,0.010833458712777286,0.0005634172206710684,0.0005859598312641848,0.0038484638748320305,0.0008726987156573629,0.04747903811973052,1.3512206931857556e-05,0.011820379920492782,0.008104893754417709,0.02912404414263715,0.012679332910706448,0.3673033489894129,0.006400374877286623,0.031066620537054862
945,0.01355522616270553,0.020689428599723548,0.016993652487368862,0.0006410763263330129,0.011826156949363127,0.012585266294925845,0.00761100567920351,0.006012242693511453,3.020921461790183e-06,0.028479773875721287,0.004807773798425197,0.002417041422329263,0.010378672175815078,0.0021539457923720343,0.851860994562079,0.009984702536601036
946,0.046655950076493556,0.049264272850032535,0.04633062423711722,0.0029543034379726665,0.0009837903464227549,0.037104714895931604,0.0004205271137966397,0.038683954055721705,4.8245650925890286e-05,0.001012817307098605,0.04214003399473832,0.0778251964406942,0.0018967286895588064,0.4456122064292589,0.03510675107135745,0.17395995184985566
947,0.0002389935209451396,0.0005438698419463291,1.0856110261328203e-06,0.9964195226660251,4.022448918190568e-05,8.304375242540928e-05,1.3796746822637152e-05,8.316408119566661e-05,9.370157032723772e-06,0.00019348847171896057,7.96855613070263e-05,0.0002106838584600578,0.00030837038604428126,0.0016251736312017865,4.9976120211742054e-05,9.954782844773821e-05
948,0.013852575083736926,0.0011150769430251374,0.0005148615274302579,0.9638878082579405,0.0011754853983655974,0.000627003217999667,0.00012336093554379213,0.0011095491063614193,1.075055057093359e-05,0.0005482849411965084,0.0006823549790208529,0.0007666447879692084,0.0020366360882695966,0.004605923544143801,0.0008536563164581328,0.008090092039463072
949,0.001764830113282005,0.00043528271769019427,2.5019843156881616e-05,0.002021376751732435,0.0012928977013195381,0.002397883898501173,0.0020873252193610086,0.9784771243407123,7.034479592454283e-05,0.00022630300980155523,0.004128198476419635,0.004211345151106898,0.0002501535630568817,0.0014794277355246368,0.000495790958806545,0.0006367309585092026
950,0.0034996332891307886,0.0006944572294268765,5.4131086631379615e-05,0.0003587812651588078,0.003499725677077144,0.012354161537053735,0.6077353787872956,0.00035214789872437414,1.023616547179981e-05,0.34281137887575747,0.0014295881510669492,0.00040253633723943174,0.002048531429188391,0.0014191964279824585,0.021606851273243712,0.0017232638530571703
951,0.0019117102148604429,0.0009662071293435997,0.00029591632686583254,0.0003739418286814245,0.8548355500577479,0.0018575159771870645,6.770988834912707e-05,8.86268962495669e-05,4.002411421718575e-05,0.1009957200902827,0.002757600757998768,0.01111278367888359,0.0014595167395957652,0.01795454042786333,0.0001938324582809499,0.005088806397472546
952,0.0015247315795847932,0.00018982665376598117,3.587256617225499e-06,0.0029227840328121674,0.000466508274111539,0.008671751038084699,3.8239881704117883e-05,0.0004397588776900866,0.9374274554475457,9.618742795380559e-05,0.03400610506641001,0.003784508840038499,0.0003728009024142445,0.007794469404234842,0.00011423213139280123,0.002147048050818095
953,3.930234840230992e-05,0.00022533818624639087,0.00030718121058711395,1.217506003622714e-05,0.0001315764947064485,0.004086376431098895,0.9094469019249278,9.614867509755974e-05,5.33772783041001e-06,0.08208842478413843,0.00019437379189605672,9.190804028719922e-05,0.00215259910452813,6.116007629451673e-05,0.0009141436588065687,0.0001470692275844401
954,0.00022564084322425408,0.013538867926055612,0.00976960811857271,0.014382188864405418,0.0006340405719749228,0.06739016541979981,0.00010173579315421176,0.01284532292642541,0.00022028746592454282,0.001146322594426559,0.6627027231953803,0.07122550209909853,0.09870302699693168,0.04553684222980119,0.0005338811975759226,0.0010438760731830126
955,0.00011090078174206045,0.0046340281561055435,0.00016022018529355224,0.00023335010298365292,0.0007317342104547888,0.0024759542849430924,0.00015534287903126276,0.001275500226028104,0.0012751891871029982,0.0012987520813150955,0.06505479500981713,0.005882716850687199,0.46070401146872,0.45042906309720887,0.00028442567527284316,0.005294020910173044
956,0.0014003391782483159,0.015388128007146716,0.00480340432966314,0.00012242054849858277,0.00037615692098179397,0.03756289228890467,0.004801657072088324,0.0053777027195824455,0.00012205866900866216,0.005769496043505021,0.0038834277577359665,0.0009093869307253966,0.006486463097208871,0.8922243487487969,0.015551956186782585,0.005220200096254913
957,0.030886977433385462,0.009495831686957468,0.49907374591915304,0.028553181945419195,0.00585797608959776,0.02446765968722696,0.0006354740962584783,0.014934266685242732,0.00012699926018286815,0.02639741341699373,0.02753036675866624,0.002063713546009178,0.27181899062742637,0.01079949824455053,0.014595326963595258,0.03276254875112131
958,0.001146548937790641,0.009364395458636035,7.686526250259024e-05,0.005080302121276625,0.0005123378602307104,0.07845459386333013,0.008008270824389605,0.003616182505120308,0.00018002097314726384,0.19446782111645816,0.024863571943010587,0.008906720546373582,0.09113268383060635,0.3016632379692012,0.26560425779885977,0.006922156797743985
959,0.019443608605679442,0.030674501657362848,0.004514427484311838,0.010706672199382872,0.002460713395389531,0.10075506318575554,0.009434663061982675,0.049418610542829644,0.0006480879977093563,0.024779469152685276,0.002795892339518768,0.005421397873878729,0.1656832592639076,0.13743730797690087,0.09789213817416746,0.3379341922059673
960,0.036118451656403795,0.011999357301361025,0.006554646656015417,0.00020522352897978823,0.0007783362571769924,0.06175875946277676,0.013794469669404728,0.0018578199852291473,5.497092181905679e-06,0.03671453277007943,0.006283023727623018,0.002085520969201498,0.08899775578126062,0.0404852864050641,0.16167689682356665,0.5306844431280077
961,0.009231035841205555,0.011485683213740694,0.0018405277561212706,0.0004854435301154957,0.0008313016270855896,0.029349152484668215,0.011034659887393413,0.13793768067527892,4.307556353532243e-05,0.0016203993205005278,0.03047421581529194,0.015445492912157476,0.005931974667312485,0.6774015918190569,0.042352361405197735,0.02453540351467552
962,0.0002298251000962467,0.00020305334861405862,1.797256428295627e-05,6.449340808469682e-06,0.0003133783669780223,0.0015323794744291372,0.9791428506448508,3.9238116650177e-05,2.246733802556304e-06,0.017148352615278813,4.936815037547229e-05,9.551893940327238e-06,0.0011202804874890153,7.933399662461168e-05,7.800084897979708e-05,2.763679471421613e-05
963,0.011219777250623246,0.0027436889549820277,0.01513041529631857,0.001227537221462964,0.0003593090415759614,0.038853708575019054,0.0023892603621859044,0.009914393373638822,1.1191653602309916e-05,0.009294297747374992,0.013285416432251477,0.005202062099134272,0.0077010949515935664,0.002121817593295309,0.8708071747834457,0.00973891308877418
964,0.041424136025027106,0.048461579369938175,0.0017541441211044837,0.002112744290503912,0.006594804002887407,0.034342185203760096,0.003380097255823109,0.024945695227641968,1.6520564988450435e-05,0.005281582829740166,0.032017658649097516,0.05784421908694412,0.0028701873104246683,0.03140367330377106,0.02732309149408264,0.6802276902791147
965,0.003107087722889462,0.07397455703018009,0.6059983336092397,0.00023063269173823127,0.00035414922472842033,0.012570595585178056,0.00038599574386994235,0.010398043524735324,0.000526139557652065,0.01294955413062805,0.057810089434456216,0.20303599891616947,0.0017831046415548227,0.003426284528297386,0.0024588164282216096,0.010990684415946103
966,0.014021085163654112,0.16557036102343792,0.00011680069617820994,0.027481347168493552,0.00041863576804620904,0.08917984080176886,0.0007718543339041775,0.018388951434071224,0.005952804131685647,0.0017377166980054317,0.027807222383220788,0.1509835198862545,0.00574563322018818,0.4835634727141482,0.0005309568075222849,0.007729779675919152
967,0.0006045933859865256,0.08758578591574563,0.0014301985254132135,0.8614147834456208,7.762127232531282e-05,0.000382187534194547,2.1485670406544754e-05,0.016388241493658893,4.005129579672762e-05,0.00019165878682925893,0.0037607370198318602,0.02051901991230041,0.0008623753402348421,0.004615668135686924,0.000716558711413282,0.0013890547674114647
968,0.00022892128588065957,0.006461631785939266,1.4412455787289633e-05,0.8990564940904717,2.3338167043266266e-05,0.0005481750838825898,5.764534476233934e-06,0.010430145658707507,0.006646631617999151,7.734223581135709e-05,0.002956445863319122,0.06971535868101195,2.8868790248970644e-05,0.003504315957388951,3.908998123611166e-05,0.0002630850356910422
969,0.0007300052270409825,0.000423747331246745,0.001384184211511161,0.0005804196004428613,0.0077402173840346485,0.004139471921399845,0.0010511705894849952,2.939846423563326e-06,0.8793270998075073,0.0016065644343993284,0.0017104602050886583,0.003104932471901444,0.07188010001204964,0.02562058566312832,0.00025868248850448224,0.0004394200681412211
970,0.009708408699176132,0.00011819422162025026,5.653167294513956e-06,0.05218360459576517,0.8393148106063524,0.00023165361490279116,0.0005284388320885467,3.0153679901890313e-05,0.0002413951074109721,0.07511758457682464,0.00047188791734159775,0.015877787573012513,0.004584600368142445,0.0010722599892011551,0.0002971274717035613,0.00021644961548026952
971,0.005700346979646945,0.0006284714910492229,0.02189578727951051,0.001094154638669952,0.000856299719470329,0.6349077941770934,0.020292001720293357,0.021788249471183827,6.533397840230993e-05,0.12783546206513954,0.014440360059156882,0.0016305698937512437,0.018561266182868144,0.001250061750569394,0.12769309108927063,0.0013608503372253321
972,6.700588515303359e-06,4.658564930735228e-06,7.3287508508599945e-06,0.0020479277815207103,3.558923632050278e-05,4.565123257941001e-06,3.834221292097519e-06,8.638918063851405e-05,0.989813081443696,1.7828215113378248e-05,4.134300456323393e-05,7.25665650318061e-05,0.00015551711639328282,0.00039524497593840247,0.007305573488615746,1.8442061774783514e-06
973,0.017057811934683597,0.003351661745100289,5.554655408301254e-05,0.0006425558147999992,0.002350248420692974,0.003955601743993764,0.005242913779309136,0.004665493376084558,0.462166550159769,0.011636506961624639,0.0384260719922772,0.01227675475892204,0.08305064563041387,0.34071857929643895,0.01335027023652204,0.0010527854651722812
974,0.029025037157354727,0.006474376827141599,0.0021558017913410935,0.0008755504729566063,0.00035741136669877234,0.009691728688660589,5.094501779595766e-05,0.7784911683445621,5.0819238895091435e-05,0.0005459092019093383,0.030777669183566184,0.09693661943523814,0.000190054386698749,0.0037698153465827054,0.004387118607314728,0.036220027478644834
975,0.33917542243905296,0.009127021903887355,0.009671775422305295,0.00018831441794385552,0.0008702372191624561,0.13379524895091435,0.004195530436766122,0.007542324897016363,4.9426041548027426e-05,0.05658540136573628,0.014701746091378165,0.01674885966577325,0.01899972058537055,0.014286205655322426,0.006855231317797883,0.367207553493744
976,0.011087885430871004,0.0072282589808788916,0.24524273622290665,0.022469312383366316,0.0021084483278842885,0.0552315590373667,0.015067024645127606,0.00903593185570741,0.0017446297632678501,0.029076385642810395,0.017002428996342637,0.002453815167283927,0.12324580058943475,0.41131744618864297,0.04279361246350202,0.004894683759480813
977,0.0012308515276251513,0.007535183654288238,0.0006441296392623022,7.518407274541853e-05,3.6210754973882504e-05,0.008114962745251279,2.0936196688803686e-05,0.8899941216073147,1.2308926028673723e-05,2.5474245131817274e-05,0.02531070082873455,0.06452980679506526,0.0001582128216210527,0.000614269377043311,0.0004996644214246578,0.001197984338155765
978,0.00015860305298171423,0.0340332873020251,0.00027732831493744675,0.026504351702614695,0.034521497694291275,0.003002917026929141,6.0487239095347144e-05,0.0426490858568541,0.0002763725630991338,0.0027902963043864035,0.05131426361796959,0.15611028846651703,0.5309422302213667,0.11044562724735323,4.6650353493385194e-05,0.006866787517095929
979,0.002641057372210736,5.156502316069452e-05,4.079106715100504e-06,0.000258417749509144,0.0007155945448712223,0.038611948963426374,0.7543377845235804,0.0011239785075215403,1.399143564889317e-05,0.198430553253128,0.00022631858081039464,1.7250687528557218e-05,0.0015568276587218481,3.151388970386911e-05,0.0017966643207835487,0.00018247177000962466
980,0.15605672116549987,0.0538865310252088,0.04561517037720116,0.0036995789909837315,0.0010252991626023818,0.024360410181102445,0.002325026419589338,0.011074316378796682,0.00015886263199253555,0.0014766766324411243,0.4047815891703561,0.180153764346487,0.004472713441457864,0.018779349788327238,0.02376858160313101,0.06836538628989414
981,0.003822526732435093,0.014269432400220843,0.7976496882194417,7.962772638184739e-05,0.0004951829910609761,0.047658623577977524,0.005982164070367653,0.0005429880499794728,4.5533572666025026e-05,0.005555621338561467,0.003184151382234166,0.0020514882572726123,0.04513160021693668,0.005613571978913025,0.05438999424297317,0.01352784137499849
982,0.00017899832956689126,0.00013933208615976917,3.0258548812319533e-08,0.9989981781520693,0.0003629514321799808,1.4992755389797886e-06,7.882579033686237e-07,6.210161212181073e-06,5.779143459095284e-06,5.883582086621751e-06,1.5767458071222342e-06,0.00017107001785178103,5.41563219441771e-06,5.441793475555159e-05,3.662729137824831e-08,6.78610663576516e-05
983,0.0004673844933493782,0.013088885404791906,0.0010722494425409069,4.871778961575881e-05,0.00011254187637033998,0.0004372292364774569,5.459672922044533e-06,0.00012709842448219318,4.07835746159769e-06,1.0013278978905682e-05,0.0040114985554976605,0.9784081242540905,3.6615618291629e-05,0.0002987110670031015,2.2208918491746654e-05,0.001849179201310343
984,0.00043554937276227144,0.04271385494557191,0.01098818747582945,2.75854104773821e-05,0.005288134759743096,0.06389001971420923,0.001534267051472571,0.018756482209144495,0.7561655056207892,0.0007625602599615239,0.006011147682387084,0.07523816057670839,0.0047140701055946276,0.011675510033378547,0.0003050636405973256,0.0014938925659406914
985,2.925475051010587e-05,4.1740427584215596e-05,0.996088248431184,6.308541770933591e-06,9.702991839268768e-06,0.00029027272666026386,9.734075073147328e-05,3.193205049470658e-05,0.00017705766350529356,0.0004367601770933913,0.0007350267187680536,0.0008846146003747749,0.00014307266102021177,3.0917677619848866e-05,0.0007586159545524544,0.0002391678363695883
986,0.025418356950271753,0.10460180988065448,0.0005250052734259864,0.001485194811834456,0.0009513873206571956,0.07622526168015398,0.0011630415473295093,0.03253486164427335,3.219834560750228e-05,0.010001872294798621,0.05428212949747835,0.1274017362271415,0.017367993329231952,0.48544744440808474,0.031189963725348546,0.03137176574036574
987,0.014713711934820429,0.013447852831724658,0.006994559293828682,0.0004080958699229384,0.0029156233578440808,0.24446296949759386,0.42507673450625605,0.006130443661020212,0.00024337139264878906,0.007704788656775206,0.02400097809709336,0.015354003580334168,0.11073954467611165,0.04326146158229066,0.015329849006252937,0.06921597862236765
988,0.029929539830846945,0.01405252239396847,0.14725467147246585,0.0025978716977046027,0.0015206296171660647,0.045912330754879695,0.0020106607909704346,0.013715095272954765,2.3518614652550532e-06,0.014966000053057977,0.011162082687561116,0.0040851525645788,0.022220263665044464,0.007460999357459096,0.649145641068335,0.03396412865767084
989,0.0006650912745848086,7.22427846148981e-05,0.0014217034302213666,0.00037315217693763796,0.0003509361949158783,0.0022395470466995185,0.0002514844821794539,0.0004278261367113381,0.9345168405678538,0.0009523567072569779,0.0033426309218498903,0.0012795902199615014,0.0299465669140559,0.0028301673216323394,0.02105915044974801,0.0002707653962549563
990,0.015424516850858229,0.15750120542915064,0.0007044369818488136,0.0003891271632956998,0.00040355457569799614,0.014592113152019059,0.00022710712026321558,0.10154074436573628,4.193370072773821e-06,0.0016282992346001103,0.046479730972473536,0.22998892057266532,0.00023876251840144566,0.3844823537930703,0.0031878491852430912,0.04320717312655046
991,0.0017372019452523582,0.07417465144366892,0.006970828319342653,0.0007320630105063388,0.0005515242152646363,0.007650399209585119,0.0003275000157292019,0.00608172576710845,0.0002050314900612843,0.0019203263693819141,0.7147169663811358,0.1710430659847562,0.00039125880276117016,0.011565474039730511,0.0001424072046583697,0.0017895787734750002
992,0.00023334336702329227,0.007813671332352647,0.00016294620004892496,9.173991700648333e-05,9.739021442509259e-05,0.002533854309237277,1.162962566014805e-05,0.013904313373303685,1.691760118301059e-05,1.1710746880957212e-05,0.14534370294513957,0.8252152156977863,4.015975439636269e-05,0.0037992595729854865,0.0003325589214049476,0.0003915768590852558
993,0.01705419867107804,0.017156076496515193,0.00042934814911084544,0.00048552504880423024,0.00123615146811026,0.02048699881484377,0.00015954333390998075,0.003252833838864293,0.0005522336806561702,0.0025315351964253774,0.43016159574590956,0.46733846975938403,0.004072526131464756,0.010546012086707218,0.001268716349730209,0.023268250285579446
994,0.0625964635037651,0.007003765723794513,0.0007125270479313095,0.001565584322760669,0.00034431710570900054,0.014737367316418094,0.0026841099441886306,0.028262339262752647,5.931104612512032e-05,0.002434710275746878,0.028294809660818616,0.01695865496792547,0.00883198129096824,0.009194019446467756,0.12810391935458884,0.6882161777767084
995,0.2302102773474495,0.007788228396818277,6.000576198849407e-05,0.0027897060470033885,0.0016544687338853887,0.014989895559810203,0.002331084519273505,0.0350442620426564,8.343153467757459e-05,0.004767869536552432,0.005533756574890318,0.017596390134302833,0.005668917636804621,0.06668184162656401,0.5147544283445621,0.09004549366121271
996,0.0012636497321462956,0.011203051304824104,0.00398746888152092,6.636862111645814e-05,0.00046711109094847107,0.012290699589164124,0.9249655476419635,5.4078433684861e-05,1.638962956111646e-06,0.014907789701309952,0.0009778138168609648,0.0003049685558922044,0.01593618733820847,0.0030689329899651957,0.004500417492250137,0.006004306034028176
997,0.0002856589787872955,0.0001004900875842156,0.0016020902246403836,9.491907897978826e-05,0.0009095843017071962,0.015688946203658134,0.023789246626660543,8.306078007039841e-05,6.663494166037075e-06,0.9434911151010588,0.0004182430799238499,0.0001944672839168561,0.010406170572516686,4.8873865505357784e-05,0.0024529687524713017,0.0004275049562840068
998,0.02952026928777671,0.20320895395572666,0.006075842267179982,0.002738024804333029,0.0007478433259897441,0.00284447631595103,0.0001831595115646029,0.36489407634744947,8.343244847006737e-06,0.001434309976282256,0.05780752120957312,0.06106296980416746,0.0006357298375638114,0.1385589900846968,0.09974949958545232,0.03053000247799808
999,0.008318868408346607,0.010557118209837249,0.0005919029350390842,0.00012965455264710548,0.002170381549961609,0.09452218889117998,0.0015720380188226372,0.004099416562848893,2.25567130105871e-05,0.06808386446403078,0.11157451285034456,0.004370159443953488,0.060838422775584225,0.008276412593043311,0.5402616168431185,0.08461091526275265
